"2026/ciqsa-2026_1558.json","2026-09-26T07:03:55.032481+00:00"
"2026/ciqsa-2026_1557.json","2026-09-26T07:03:53.910151+00:00"
"2026/ciqsa-2026_1556.json","2026-09-26T07:03:53.341019+00:00"
"2026/ciqsa-2026_1555.json","2026-09-26T07:03:52.826742+00:00"
"2026/ciqsa-2026_1554.json","2026-09-26T07:03:52.475798+00:00"
"2026/ciqsa-2026_1553.json","2026-09-26T07:03:52.187423+00:00"
"2026/ciqsa-2026_0519.json","2026-09-26T07:02:20.346637+00:00"
"2026/ciqsa-2026_0518.json","2026-09-26T07:02:19.183717+00:00"
"2026/ciqsa-2026_0517.json","2026-09-26T07:02:17.752891+00:00"
"2026/ciqsa-2026_0514.json","2026-09-26T07:02:14.927132+00:00"
"2026/ciqsa-2026_0508.json","2026-09-26T07:02:10.257007+00:00"
"2026/ciqsa-2026_1551.json","2026-09-25T07:03:59.941921+00:00"
"2026/ciqsa-2026_1550.json","2026-09-25T07:03:59.763623+00:00"
"2026/ciqsa-2026_1549.json","2026-09-25T07:03:59.621882+00:00"
"2026/ciqsa-2026_1548.json","2026-09-25T07:03:59.471600+00:00"
"2026/ciqsa-2026_1546.json","2026-09-24T07:03:48.827191+00:00"
"2026/ciqsa-2026_1545.json","2026-09-24T07:03:48.632019+00:00"
"2026/ciqsa-2026_1538.json","2026-09-18T07:04:12.787842+00:00"
"2026/ciqsa-2026_1537.json","2026-09-18T07:04:12.613571+00:00"
"2026/ciqsa-2026_1536.json","2026-09-18T07:04:12.435998+00:00"
"2026/ciqsa-2026_1535.json","2026-09-18T07:04:12.147468+00:00"
"2026/ciqsa-2026_1532.json","2026-09-18T07:04:11.435742+00:00"
"2026/ciqsa-2026_1530.json","2026-09-18T07:04:10.713043+00:00"
"2026/ciqsa-2026_1350.json","2026-09-16T07:03:42.059055+00:00"
"2026/ciqsa-2026_0393.json","2026-09-16T07:02:23.137481+00:00"
"2026/ciqsa-2026_1528.json","2026-09-15T07:03:57.253255+00:00"
"2026/ciqsa-2026_1240.json","2026-09-15T07:03:13.983474+00:00"
"2026/ciqsa-2026_1209.json","2026-09-15T07:03:10.499904+00:00"
"2026/ciqsa-2026_0968.json","2026-09-15T07:02:59.040286+00:00"
"2026/ciqsa-2026_0783.json","2026-09-15T07:02:49.731275+00:00"
"2026/ciqsa-2026_0630.json","2026-09-15T07:02:43.228806+00:00"
"2026/ciqsa-2026_0629.json","2026-09-15T07:02:42.731962+00:00"
"2026/ciqsa-2026_1527.json","2026-09-11T04:32:07.363000+00:00"
"2026/ciqsa-2026_1526.json","2026-09-11T04:32:07.238150+00:00"
"2026/ciqsa-2026_1525.json","2026-09-11T04:32:06.890717+00:00"
"2026/ciqsa-2026_1524.json","2026-09-11T04:32:06.766252+00:00"
"2026/ciqsa-2026_1523.json","2026-09-11T04:32:06.639128+00:00"
"2026/ciqsa-2026_1522.json","2026-09-10T07:01:47.903897+00:00"
"2026/ciqsa-2026_1521.json","2026-09-06T07:02:00.476363+00:00"
"2026/ciqsa-2026_1520.json","2026-09-06T07:02:00.355175+00:00"
"2026/ciqsa-2026_1519.json","2026-09-06T07:02:00.218140+00:00"
"2026/ciqsa-2026_1518.json","2026-09-06T07:02:00.041800+00:00"
"2026/ciqsa-2026_1517.json","2026-09-06T07:01:59.876149+00:00"
"2026/ciqsa-2026_1516.json","2026-09-06T07:01:59.728021+00:00"
"2026/ciqsa-2026_1515.json","2026-09-06T07:01:59.506850+00:00"
"2026/ciqsa-2026_1514.json","2026-09-06T07:01:59.280535+00:00"
"2026/ciqsa-2026_1513.json","2026-09-06T07:01:58.742415+00:00"
"2026/ciqsa-2026_1419.json","2026-09-06T07:01:57.797506+00:00"
"2026/ciqsa-2026_1414.json","2026-09-06T07:01:57.142767+00:00"
"2026/ciqsa-2026_1338.json","2026-09-06T07:01:55.838763+00:00"
"2026/ciqsa-2026_0745.json","2026-09-06T07:01:55.098563+00:00"
"2026/ciqsa-2026_0742.json","2026-09-06T07:01:54.820002+00:00"
"2026/ciqsa-2026_0726.json","2026-09-06T07:01:54.514327+00:00"
"2026/ciqsa-2026_0394.json","2026-09-06T07:01:53.677393+00:00"
"2026/ciqsa-2026_1512.json","2026-09-05T07:02:12.163538+00:00"
"2026/ciqsa-2026_1511.json","2026-09-05T07:02:11.986418+00:00"
"2026/ciqsa-2026_1500.json","2026-09-05T07:02:11.323690+00:00"
"2026/ciqsa-2026_1510.json","2026-09-04T07:01:56.057740+00:00"
"2026/ciqsa-2026_1509.json","2026-09-04T07:01:55.765405+00:00"
"2026/ciqsa-2026_1508.json","2026-09-04T07:01:55.333928+00:00"
"2026/ciqsa-2026_1507.json","2026-09-04T07:01:55.097658+00:00"
"2026/ciqsa-2026_1506.json","2026-09-03T20:34:08.818359+00:00"
"2026/ciqsa-2026_1505.json","2026-09-03T20:34:08.698767+00:00"
"2026/ciqsa-2026_1488.json","2026-09-03T20:34:08.576610+00:00"
"2026/ciqsa-2026_1482.json","2026-09-03T20:34:08.009484+00:00"
"2026/ciqsa-2026_1381.json","2026-09-03T20:34:07.665110+00:00"
"2026/ciqsa-2026_1380.json","2026-09-03T20:34:07.393962+00:00"
"2026/ciqsa-2026_1378.json","2026-09-03T20:34:07.096314+00:00"
"2026/ciqsa-2026_1377.json","2026-09-03T20:34:06.687347+00:00"
"2026/ciqsa-2026_1376.json","2026-09-03T20:34:06.442836+00:00"
"2026/ciqsa-2026_1375.json","2026-09-03T20:34:06.072046+00:00"
"2026/ciqsa-2026_1330.json","2026-09-03T20:34:05.815446+00:00"
"2026/ciqsa-2026_1316.json","2026-09-03T20:34:05.572550+00:00"
"2026/ciqsa-2026_1311.json","2026-09-03T20:34:05.460232+00:00"
"2026/ciqsa-2026_1308.json","2026-09-03T20:34:05.353492+00:00"
"2026/ciqsa-2026_1267.json","2026-09-03T20:34:05.239620+00:00"
"2026/ciqsa-2026_1203.json","2026-09-03T20:34:05.020299+00:00"
"2026/ciqsa-2026_1198.json","2026-09-03T20:34:04.779699+00:00"
"2026/ciqsa-2026_1180.json","2026-09-03T20:34:04.646909+00:00"
"2026/ciqsa-2026_1179.json","2026-09-03T20:34:04.364107+00:00"
"2026/ciqsa-2026_1113.json","2026-09-03T20:34:04.142971+00:00"
"2026/ciqsa-2026_1112.json","2026-09-03T20:34:03.937673+00:00"
"2026/ciqsa-2026_1110.json","2026-09-03T20:34:03.691299+00:00"
"2026/ciqsa-2026_1101.json","2026-09-03T20:34:03.552706+00:00"
"2026/ciqsa-2026_1096.json","2026-09-03T20:34:03.256442+00:00"
"2026/ciqsa-2026_1095.json","2026-09-03T20:34:03.122588+00:00"
"2026/ciqsa-2026_1093.json","2026-09-03T20:34:03.004926+00:00"
"2026/ciqsa-2026_1092.json","2026-09-03T20:34:02.905977+00:00"
"2026/ciqsa-2026_1091.json","2026-09-03T20:34:02.816652+00:00"
"2026/ciqsa-2026_1090.json","2026-09-03T20:34:02.698784+00:00"
"2026/ciqsa-2026_1086.json","2026-09-03T20:34:02.601188+00:00"
"2026/ciqsa-2026_1084.json","2026-09-03T20:34:02.450214+00:00"
"2026/ciqsa-2026_1082.json","2026-09-03T20:34:02.346411+00:00"
"2026/ciqsa-2026_1081.json","2026-09-03T20:34:02.230926+00:00"
"2026/ciqsa-2026_1078.json","2026-09-03T20:34:01.997088+00:00"
"2026/ciqsa-2026_1077.json","2026-09-03T20:34:01.597993+00:00"
"2026/ciqsa-2026_1076.json","2026-09-03T20:34:01.200035+00:00"
"2026/ciqsa-2026_1075.json","2026-09-03T20:34:00.751898+00:00"
"2026/ciqsa-2026_1074.json","2026-09-03T20:34:00.330498+00:00"
"2026/ciqsa-2026_1073.json","2026-09-03T20:33:59.862046+00:00"
"2026/ciqsa-2026_1072.json","2026-09-03T20:33:59.502206+00:00"
"2026/ciqsa-2026_1071.json","2026-09-03T20:33:59.321692+00:00"
"2026/ciqsa-2026_1070.json","2026-09-03T20:33:59.157634+00:00"
"2026/ciqsa-2026_1069.json","2026-09-03T20:33:58.752309+00:00"
"2026/ciqsa-2026_1068.json","2026-09-03T20:33:58.489642+00:00"
"2026/ciqsa-2026_1067.json","2026-09-03T20:33:58.089132+00:00"
"2026/ciqsa-2026_1066.json","2026-09-03T20:33:57.850518+00:00"
"2026/ciqsa-2026_1029.json","2026-09-03T20:33:57.595294+00:00"
"2026/ciqsa-2026_1021.json","2026-09-03T20:33:57.460614+00:00"
"2026/ciqsa-2026_1020.json","2026-09-03T20:33:57.290333+00:00"
"2026/ciqsa-2026_1019.json","2026-09-03T20:33:57.120632+00:00"
"2026/ciqsa-2026_1016.json","2026-09-03T20:33:56.931032+00:00"
"2026/ciqsa-2026_1014.json","2026-09-03T20:33:56.744161+00:00"
"2026/ciqsa-2026_1013.json","2026-09-03T20:33:56.494575+00:00"
"2026/ciqsa-2026_1011.json","2026-09-03T20:33:56.337630+00:00"
"2026/ciqsa-2026_0994.json","2026-09-03T20:33:56.077743+00:00"
"2026/ciqsa-2026_0993.json","2026-09-03T20:33:55.743092+00:00"
"2026/ciqsa-2026_0986.json","2026-09-03T20:33:55.233922+00:00"
"2026/ciqsa-2026_0979.json","2026-09-03T20:33:54.932906+00:00"
"2026/ciqsa-2026_0977.json","2026-09-03T20:33:53.259661+00:00"
"2026/ciqsa-2026_0975.json","2026-09-03T20:33:52.866762+00:00"
"2026/ciqsa-2026_0971.json","2026-09-03T20:33:52.471320+00:00"
"2026/ciqsa-2026_0967.json","2026-09-03T20:33:52.271389+00:00"
"2026/ciqsa-2026_0963.json","2026-09-03T20:33:51.939552+00:00"
"2026/ciqsa-2026_0954.json","2026-09-03T20:33:51.513522+00:00"
"2026/ciqsa-2026_0939.json","2026-09-03T20:33:51.088536+00:00"
"2026/ciqsa-2026_0936.json","2026-09-03T20:33:50.659548+00:00"
"2026/ciqsa-2026_0926.json","2026-09-03T20:33:50.429367+00:00"
"2026/ciqsa-2026_0921.json","2026-09-03T20:33:49.861668+00:00"
"2026/ciqsa-2026_0917.json","2026-09-03T20:33:49.426399+00:00"
"2026/ciqsa-2026_0916.json","2026-09-03T20:33:49.015315+00:00"
"2026/ciqsa-2026_0915.json","2026-09-03T20:33:48.743707+00:00"
"2026/ciqsa-2026_0914.json","2026-09-03T20:33:48.566474+00:00"
"2026/ciqsa-2026_0912.json","2026-09-03T20:33:48.431906+00:00"
"2026/ciqsa-2026_0909.json","2026-09-03T20:33:48.299904+00:00"
"2026/ciqsa-2026_0903.json","2026-09-03T20:33:48.185960+00:00"
"2026/ciqsa-2026_0902.json","2026-09-03T20:33:48.064651+00:00"
"2026/ciqsa-2026_0881.json","2026-09-03T20:33:47.913020+00:00"
"2026/ciqsa-2026_0876.json","2026-09-03T20:33:47.574377+00:00"
"2026/ciqsa-2026_0822.json","2026-09-03T20:33:47.400105+00:00"
"2026/ciqsa-2026_0821.json","2026-09-03T20:33:47.147700+00:00"
"2026/ciqsa-2026_0820.json","2026-09-03T20:33:46.937052+00:00"
"2026/ciqsa-2026_0816.json","2026-09-03T20:33:46.699917+00:00"
"2026/ciqsa-2026_0814.json","2026-09-03T20:33:46.462674+00:00"
"2026/ciqsa-2026_0806.json","2026-09-03T20:33:46.282457+00:00"
"2026/ciqsa-2026_0805.json","2026-09-03T20:33:46.115698+00:00"
"2026/ciqsa-2026_0802.json","2026-09-03T20:33:45.911333+00:00"
"2026/ciqsa-2026_0795.json","2026-09-03T20:33:45.708300+00:00"
"2026/ciqsa-2026_0794.json","2026-09-03T20:33:45.351226+00:00"
"2026/ciqsa-2026_0793.json","2026-09-03T20:33:45.188459+00:00"
"2026/ciqsa-2026_0792.json","2026-09-03T20:33:44.996720+00:00"
"2026/ciqsa-2026_0791.json","2026-09-03T20:33:44.824152+00:00"
"2026/ciqsa-2026_0790.json","2026-09-03T20:33:44.636214+00:00"
"2026/ciqsa-2026_0789.json","2026-09-03T20:33:42.542541+00:00"
"2026/ciqsa-2026_0749.json","2026-09-03T20:33:42.373584+00:00"
"2026/ciqsa-2026_0740.json","2026-09-03T20:33:41.932376+00:00"
"2026/ciqsa-2026_0724.json","2026-09-03T20:33:41.792959+00:00"
"2026/ciqsa-2026_0720.json","2026-09-03T20:33:41.607086+00:00"
"2026/ciqsa-2026_0718.json","2026-09-03T20:32:39.782602+00:00"
"2026/ciqsa-2026_0686.json","2026-09-03T20:32:39.647634+00:00"
"2026/ciqsa-2026_0685.json","2026-09-03T20:32:39.448649+00:00"
"2026/ciqsa-2026_0684.json","2026-09-03T20:32:39.284959+00:00"
"2026/ciqsa-2026_0683.json","2026-09-03T20:32:39.000124+00:00"
"2026/ciqsa-2026_0681.json","2026-09-03T20:32:38.774748+00:00"
"2026/ciqsa-2026_0680.json","2026-09-03T20:32:38.526654+00:00"
"2026/ciqsa-2026_0679.json","2026-09-03T20:32:38.284291+00:00"
"2026/ciqsa-2026_0678.json","2026-09-03T20:32:38.089134+00:00"
"2026/ciqsa-2026_0677.json","2026-09-03T20:32:37.905489+00:00"
"2026/ciqsa-2026_0676.json","2026-09-03T20:32:37.726549+00:00"
"2026/ciqsa-2026_0675.json","2026-09-03T20:32:37.525928+00:00"
"2026/ciqsa-2026_0674.json","2026-09-03T20:32:37.349240+00:00"
"2026/ciqsa-2026_0673.json","2026-09-03T20:32:37.173633+00:00"
"2026/ciqsa-2026_0672.json","2026-09-03T20:32:36.988260+00:00"
"2026/ciqsa-2026_0671.json","2026-09-03T20:32:36.642075+00:00"
"2026/ciqsa-2026_0670.json","2026-09-03T20:32:36.444781+00:00"
"2026/ciqsa-2026_0669.json","2026-09-03T20:32:36.246301+00:00"
"2026/ciqsa-2026_0642.json","2026-09-03T20:32:36.052486+00:00"
"2026/ciqsa-2026_0641.json","2026-09-03T20:32:35.778421+00:00"
"2026/ciqsa-2026_0640.json","2026-09-03T20:32:35.462276+00:00"
"2026/ciqsa-2026_0603.json","2026-09-03T20:32:34.616780+00:00"
"2026/ciqsa-2026_0583.json","2026-09-03T20:32:34.432332+00:00"
"2026/ciqsa-2026_0579.json","2026-09-03T20:32:34.257520+00:00"
"2026/ciqsa-2026_0573.json","2026-09-03T20:32:34.105103+00:00"
"2026/ciqsa-2026_0555.json","2026-09-03T20:32:33.704530+00:00"
"2026/ciqsa-2026_0553.json","2026-09-03T20:32:33.431008+00:00"
"2026/ciqsa-2026_0551.json","2026-09-03T20:32:33.176873+00:00"
"2026/ciqsa-2026_0550.json","2026-09-03T20:32:33.014934+00:00"
"2026/ciqsa-2026_0536.json","2026-09-03T20:32:08.033866+00:00"
"2026/ciqsa-2026_0525.json","2026-09-03T20:32:07.696533+00:00"
"2026/ciqsa-2026_0524.json","2026-09-03T20:32:07.462906+00:00"
"2026/ciqsa-2026_0507.json","2026-09-03T20:32:07.199606+00:00"
"2026/ciqsa-2026_0500.json","2026-09-03T20:32:06.823799+00:00"
"2026/ciqsa-2026_0495.json","2026-09-03T20:32:06.617118+00:00"
"2026/ciqsa-2026_0489.json","2026-09-03T20:32:06.449256+00:00"
"2026/ciqsa-2026_0477.json","2026-09-03T20:32:06.049998+00:00"
"2026/ciqsa-2026_0471.json","2026-09-03T20:32:05.699982+00:00"
"2026/ciqsa-2026_0466.json","2026-09-03T20:32:05.263921+00:00"
"2026/ciqsa-2026_0465.json","2026-09-03T20:32:05.050383+00:00"
"2026/ciqsa-2026_0463.json","2026-09-03T20:32:04.760239+00:00"
"2026/ciqsa-2026_0460.json","2026-09-03T20:32:04.483503+00:00"
"2026/ciqsa-2026_0458.json","2026-09-03T20:32:04.311941+00:00"
"2026/ciqsa-2026_0437.json","2026-09-03T20:31:02.053710+00:00"
"2026/ciqsa-2026_0435.json","2026-09-03T20:31:01.490866+00:00"
"2026/ciqsa-2026_0434.json","2026-09-03T20:31:01.011241+00:00"
"2026/ciqsa-2026_0430.json","2026-09-03T20:31:00.639150+00:00"
"2026/ciqsa-2026_0429.json","2026-09-03T20:31:00.282486+00:00"
"2026/ciqsa-2026_0426.json","2026-09-03T20:30:59.727388+00:00"
"2026/ciqsa-2026_0419.json","2026-09-03T20:30:59.481924+00:00"
"2026/ciqsa-2026_0409.json","2026-09-03T20:30:59.272255+00:00"
"2026/ciqsa-2026_0404.json","2026-09-03T20:30:59.059026+00:00"
"2026/ciqsa-2026_0403.json","2026-09-03T20:30:58.744165+00:00"
"2026/ciqsa-2026_0398.json","2026-09-03T20:30:58.606789+00:00"
"2026/ciqsa-2026_0388.json","2026-09-03T20:30:58.448935+00:00"
"2026/ciqsa-2026_0386.json","2026-09-03T20:30:57.937226+00:00"
"2026/ciqsa-2026_0382.json","2026-09-03T20:30:55.660386+00:00"
"2026/ciqsa-2026_0378.json","2026-09-03T20:30:55.478446+00:00"
"2026/ciqsa-2026_0377.json","2026-09-03T20:30:55.138902+00:00"
"2026/ciqsa-2026_0366.json","2026-09-03T20:29:39.729846+00:00"
"2026/ciqsa-2026_0345.json","2026-09-03T20:29:39.537142+00:00"
"2026/ciqsa-2026_0336.json","2026-09-03T20:29:39.325874+00:00"
"2026/ciqsa-2026_0333.json","2026-09-03T20:29:38.766548+00:00"
"2026/ciqsa-2026_0332.json","2026-09-03T20:29:38.559432+00:00"
"2026/ciqsa-2026_0331.json","2026-09-03T20:29:38.022751+00:00"
"2026/ciqsa-2026_0314.json","2026-09-03T20:29:37.500962+00:00"
"2026/ciqsa-2026_0312.json","2026-09-03T20:29:37.242151+00:00"
"2026/ciqsa-2026_0301.json","2026-09-03T20:29:37.105821+00:00"
"2026/ciqsa-2026_0300.json","2026-09-03T20:29:36.727461+00:00"
"2026/ciqsa-2026_0299.json","2026-09-03T20:29:36.394543+00:00"
"2026/ciqsa-2026_0298.json","2026-09-03T20:29:36.209995+00:00"
"2026/ciqsa-2026_0295.json","2026-09-03T20:29:36.000543+00:00"
"2026/ciqsa-2026_0291.json","2026-09-03T20:29:35.855406+00:00"
"2026/ciqsa-2026_0275.json","2026-09-03T20:29:35.694770+00:00"
"2026/ciqsa-2026_0267.json","2026-09-03T20:29:35.573789+00:00"
"2026/ciqsa-2026_0262.json","2026-09-03T20:29:35.268911+00:00"
"2026/ciqsa-2026_0258.json","2026-09-03T20:29:35.133847+00:00"
"2026/ciqsa-2026_0252.json","2026-09-03T20:29:35.006016+00:00"
"2026/ciqsa-2026_0127.json","2026-09-03T20:29:34.646497+00:00"
"2026/ciqsa-2026_0118.json","2026-09-03T20:29:34.318556+00:00"
"2026/ciqsa-2026_0112.json","2026-09-03T20:29:34.064581+00:00"
"2026/ciqsa-2026_0111.json","2026-09-03T20:29:33.882651+00:00"
"2026/ciqsa-2026_0107.json","2026-09-03T20:29:32.728353+00:00"
"2026/ciqsa-2026_0104.json","2026-09-03T20:29:27.134834+00:00"
"2026/ciqsa-2026_0094.json","2026-09-03T20:29:26.782181+00:00"
"2026/ciqsa-2026_0074.json","2026-09-03T20:29:26.477082+00:00"
"2026/ciqsa-2026_0065.json","2026-09-03T20:29:26.063633+00:00"
"2026/ciqsa-2026_0063.json","2026-09-03T20:29:24.919688+00:00"
"2026/ciqsa-2026_0038.json","2026-09-03T20:29:24.428360+00:00"
"2026/ciqsa-2026_0035.json","2026-09-03T20:29:24.233298+00:00"
"2026/ciqsa-2026_0032.json","2026-09-03T20:29:24.013610+00:00"
"2026/ciqsa-2026_0028.json","2026-09-03T20:29:23.809300+00:00"
"2026/ciqsa-2026_0007.json","2026-09-03T20:29:23.583301+00:00"
"2026/ciqsa-2026_0006.json","2026-09-03T20:29:23.292622+00:00"
"2026/ciqsa-2026_0005.json","2026-09-03T20:29:22.846010+00:00"
"2026/ciqsa-2026_1504.json","2026-09-03T07:01:59.857525+00:00"
"2026/ciqsa-2026_1503.json","2026-09-03T07:01:59.541932+00:00"
"2026/ciqsa-2026_1502.json","2026-09-02T00:02:24.433843+00:00"
"2026/ciqsa-2026_1501.json","2026-09-02T00:02:24.181277+00:00"
"2026/ciqsa-2026_1499.json","2026-09-02T00:02:21.012131+00:00"
"2026/ciqsa-2026_1498.json","2026-09-02T00:02:20.907857+00:00"
"2026/ciqsa-2026_1497.json","2026-09-02T00:02:20.773780+00:00"
"2026/ciqsa-2026_1496.json","2026-09-02T00:02:20.641949+00:00"
"2026/ciqsa-2026_1495.json","2026-09-02T00:02:20.500918+00:00"
"2026/ciqsa-2026_1494.json","2026-09-02T00:02:20.303577+00:00"
"2026/ciqsa-2026_1493.json","2026-09-02T00:02:19.421451+00:00"
"2026/ciqsa-2026_1492.json","2026-09-02T00:02:19.236488+00:00"
"2026/ciqsa-2026_1491.json","2026-09-02T00:02:19.045554+00:00"
"2026/ciqsa-2026_1490.json","2026-09-02T00:02:18.840405+00:00"
"2026/ciqsa-2026_1489.json","2026-09-02T00:02:18.712547+00:00"
"2026/ciqsa-2026_1487.json","2026-09-02T00:02:18.110342+00:00"
"2026/ciqsa-2026_1486.json","2026-09-02T00:02:17.975413+00:00"
"2026/ciqsa-2026_1485.json","2026-09-02T00:02:17.343206+00:00"
"2026/ciqsa-2026_1484.json","2026-09-02T00:02:16.812280+00:00"
"2026/ciqsa-2026_1483.json","2026-09-02T00:02:16.137036+00:00"
"2026/ciqsa-2026_1481.json","2026-09-02T00:02:13.311260+00:00"
"2026/ciqsa-2026_1480.json","2026-09-02T00:02:13.135180+00:00"
"2026/ciqsa-2026_1479.json","2026-09-02T00:02:13.044557+00:00"
"2026/ciqsa-2026_1478.json","2026-09-02T00:02:12.890579+00:00"
"2026/ciqsa-2026_1477.json","2026-09-02T00:02:12.711667+00:00"
"2026/ciqsa-2026_1476.json","2026-09-02T00:02:12.464165+00:00"
"2026/ciqsa-2026_1475.json","2026-09-02T00:02:12.099013+00:00"
"2026/ciqsa-2026_1474.json","2026-09-02T00:02:11.683918+00:00"
"2026/ciqsa-2026_1473.json","2026-09-02T00:02:11.314555+00:00"
"2026/ciqsa-2026_1472.json","2026-09-02T00:02:11.068825+00:00"
"2026/ciqsa-2026_1471.json","2026-09-02T00:02:10.751260+00:00"
"2026/ciqsa-2026_1470.json","2026-09-02T00:02:10.637315+00:00"
"2026/ciqsa-2026_1469.json","2026-09-02T00:02:10.336198+00:00"
"2026/ciqsa-2026_1468.json","2026-09-02T00:02:10.118357+00:00"
"2026/ciqsa-2026_1467.json","2026-09-02T00:02:10.019186+00:00"
"2026/ciqsa-2026_1466.json","2026-09-02T00:02:09.865365+00:00"
"2026/ciqsa-2026_1465.json","2026-09-02T00:02:09.701534+00:00"
"2026/ciqsa-2026_1464.json","2026-09-02T00:02:08.897777+00:00"
"2026/ciqsa-2026_1463.json","2026-09-02T00:02:08.036451+00:00"
"2026/ciqsa-2026_1462.json","2026-09-02T00:02:07.502189+00:00"
"2026/ciqsa-2026_1461.json","2026-09-02T00:02:07.352348+00:00"
"2026/ciqsa-2026_1460.json","2026-09-02T00:02:07.142874+00:00"
"2026/ciqsa-2026_1459.json","2026-09-02T00:02:06.272261+00:00"
"2026/ciqsa-2026_1458.json","2026-09-02T00:02:05.406518+00:00"
"2026/ciqsa-2026_1457.json","2026-09-02T00:02:05.235294+00:00"
"2026/ciqsa-2026_1456.json","2026-09-02T00:02:05.050536+00:00"
"2026/ciqsa-2026_1455.json","2026-09-02T00:02:04.868235+00:00"
"2026/ciqsa-2026_1454.json","2026-09-02T00:02:04.529506+00:00"
"2026/ciqsa-2026_1453.json","2026-09-02T00:02:04.175664+00:00"
"2026/ciqsa-2026_1452.json","2026-09-02T00:02:03.825650+00:00"
"2026/ciqsa-2026_1451.json","2026-09-02T00:02:03.494187+00:00"
"2026/ciqsa-2026_1450.json","2026-09-02T00:02:03.309629+00:00"
"2026/ciqsa-2026_1449.json","2026-09-02T00:02:02.956417+00:00"
"2026/ciqsa-2026_1448.json","2026-09-02T00:02:02.797648+00:00"
"2026/ciqsa-2026_1447.json","2026-09-02T00:02:02.548823+00:00"
"2026/ciqsa-2026_1446.json","2026-09-02T00:02:02.284677+00:00"
"2026/ciqsa-2026_1445.json","2026-09-02T00:02:02.128558+00:00"
"2026/ciqsa-2026_1444.json","2026-09-02T00:02:01.919015+00:00"
"2026/ciqsa-2026_1443.json","2026-09-02T00:02:01.379825+00:00"
"2026/ciqsa-2026_1442.json","2026-09-02T00:02:00.524479+00:00"
"2026/ciqsa-2026_1441.json","2026-09-02T00:01:59.650936+00:00"
"2026/ciqsa-2026_1440.json","2026-09-02T00:01:59.472597+00:00"
"2026/ciqsa-2026_1439.json","2026-09-02T00:01:59.306704+00:00"
"2026/ciqsa-2026_1438.json","2026-09-02T00:01:59.226623+00:00"
"2026/ciqsa-2026_1437.json","2026-09-02T00:01:59.095375+00:00"
"2026/ciqsa-2026_1436.json","2026-09-02T00:01:58.623830+00:00"
"2026/ciqsa-2026_1435.json","2026-09-02T00:01:57.888570+00:00"
"2026/ciqsa-2026_1434.json","2026-09-02T00:01:57.136383+00:00"
"2026/ciqsa-2026_1433.json","2026-09-02T00:01:56.901514+00:00"
"2026/ciqsa-2026_1432.json","2026-09-02T00:01:56.727564+00:00"
"2026/ciqsa-2026_1431.json","2026-09-02T00:01:56.643374+00:00"
"2026/ciqsa-2026_1430.json","2026-09-02T00:01:56.398210+00:00"
"2026/ciqsa-2026_1429.json","2026-09-02T00:01:56.153699+00:00"
"2026/ciqsa-2026_1428.json","2026-09-02T00:01:56.016158+00:00"
"2026/ciqsa-2026_1427.json","2026-09-02T00:01:55.581012+00:00"
"2026/ciqsa-2026_1426.json","2026-09-02T00:01:55.384471+00:00"
"2026/ciqsa-2026_1425.json","2026-09-02T00:01:55.160236+00:00"
"2026/ciqsa-2026_1424.json","2026-09-02T00:01:54.420892+00:00"
"2026/ciqsa-2026_1423.json","2026-09-02T00:01:54.280492+00:00"
"2026/ciqsa-2026_1422.json","2026-09-02T00:01:53.552025+00:00"
"2026/ciqsa-2026_1421.json","2026-09-02T00:01:53.333883+00:00"
"2026/ciqsa-2026_1420.json","2026-09-02T00:01:53.210897+00:00"
"2026/ciqsa-2026_1418.json","2026-09-02T00:01:52.922340+00:00"
"2026/ciqsa-2026_1417.json","2026-09-02T00:01:52.788525+00:00"
"2026/ciqsa-2026_1416.json","2026-09-02T00:01:52.605771+00:00"
"2026/ciqsa-2026_1415.json","2026-09-02T00:01:52.157461+00:00"
"2026/ciqsa-2026_1413.json","2026-09-02T00:01:51.186218+00:00"
"2026/ciqsa-2026_1412.json","2026-09-02T00:01:50.430120+00:00"
"2026/ciqsa-2026_1411.json","2026-09-02T00:01:50.293673+00:00"
"2026/ciqsa-2026_1410.json","2026-09-02T00:01:50.014550+00:00"
"2026/ciqsa-2026_1409.json","2026-09-02T00:01:49.282981+00:00"
"2026/ciqsa-2026_1408.json","2026-09-02T00:01:49.137392+00:00"
"2026/ciqsa-2026_1407.json","2026-09-02T00:01:48.427409+00:00"
"2026/ciqsa-2026_1406.json","2026-09-02T00:01:48.330348+00:00"
"2026/ciqsa-2026_1405.json","2026-09-02T00:01:48.210686+00:00"
"2026/ciqsa-2026_1404.json","2026-09-02T00:01:48.050128+00:00"
"2026/ciqsa-2026_1403.json","2026-09-02T00:01:47.911183+00:00"
"2026/ciqsa-2026_1402.json","2026-09-02T00:01:47.793688+00:00"
"2026/ciqsa-2026_1401.json","2026-09-02T00:01:47.249106+00:00"
"2026/ciqsa-2026_1400.json","2026-09-02T00:01:47.063746+00:00"
"2026/ciqsa-2026_1399.json","2026-09-02T00:01:46.701563+00:00"
"2026/ciqsa-2026_1398.json","2026-09-02T00:01:46.591498+00:00"
"2026/ciqsa-2026_1397.json","2026-09-02T00:01:46.521669+00:00"
"2026/ciqsa-2026_1396.json","2026-09-02T00:01:46.437416+00:00"
"2026/ciqsa-2026_1395.json","2026-09-02T00:01:46.348890+00:00"
"2026/ciqsa-2026_1394.json","2026-09-02T00:01:46.239438+00:00"
"2026/ciqsa-2026_1393.json","2026-09-02T00:01:45.441529+00:00"
"2026/ciqsa-2026_1392.json","2026-09-02T00:01:45.349207+00:00"
"2026/ciqsa-2026_1391.json","2026-09-02T00:01:45.102604+00:00"
"2026/ciqsa-2026_1390.json","2026-09-02T00:01:44.962734+00:00"
"2026/ciqsa-2026_1389.json","2026-09-02T00:01:44.828752+00:00"
"2026/ciqsa-2026_1388.json","2026-09-02T00:01:44.615764+00:00"
"2026/ciqsa-2026_1387.json","2026-09-02T00:01:43.625990+00:00"
"2026/ciqsa-2026_1386.json","2026-09-02T00:01:43.420772+00:00"
"2026/ciqsa-2026_1385.json","2026-09-02T00:01:42.586418+00:00"
"2026/ciqsa-2026_1384.json","2026-09-02T00:01:42.042240+00:00"
"2026/ciqsa-2026_1383.json","2026-09-02T00:01:41.231294+00:00"
"2026/ciqsa-2026_1382.json","2026-09-02T00:01:40.370582+00:00"
"2026/ciqsa-2026_1379.json","2026-09-02T00:01:38.561230+00:00"
"2026/ciqsa-2026_1374.json","2026-09-02T00:01:36.648634+00:00"
"2026/ciqsa-2026_1373.json","2026-09-02T00:01:36.376502+00:00"
"2026/ciqsa-2026_1372.json","2026-09-02T00:01:35.381926+00:00"
"2026/ciqsa-2026_1371.json","2026-09-02T00:01:35.103813+00:00"
"2026/ciqsa-2026_1370.json","2026-09-02T00:01:34.818825+00:00"
"2026/ciqsa-2026_1369.json","2026-09-02T00:01:34.543554+00:00"
"2026/ciqsa-2026_1368.json","2026-09-02T00:01:34.224404+00:00"
"2026/ciqsa-2026_1367.json","2026-09-02T00:01:33.678790+00:00"
"2026/ciqsa-2026_1366.json","2026-09-02T00:01:33.543516+00:00"
"2026/ciqsa-2026_1365.json","2026-09-02T00:01:33.402671+00:00"
"2026/ciqsa-2026_1364.json","2026-09-02T00:01:33.237878+00:00"
"2026/ciqsa-2026_1363.json","2026-09-02T00:01:33.065918+00:00"
"2026/ciqsa-2026_1362.json","2026-09-02T00:01:32.906887+00:00"
"2026/ciqsa-2026_1361.json","2026-09-02T00:01:32.661752+00:00"
"2026/ciqsa-2026_1360.json","2026-09-02T00:01:31.514862+00:00"
"2026/ciqsa-2026_1359.json","2026-09-02T00:01:30.593156+00:00"
"2026/ciqsa-2026_1358.json","2026-09-02T00:01:29.706112+00:00"
"2026/ciqsa-2026_1357.json","2026-09-02T00:01:29.169148+00:00"
"2026/ciqsa-2026_1356.json","2026-09-02T00:01:28.930902+00:00"
"2026/ciqsa-2026_1355.json","2026-09-02T00:01:28.231320+00:00"
"2026/ciqsa-2026_1354.json","2026-09-02T00:01:27.340219+00:00"
"2026/ciqsa-2026_1353.json","2026-09-02T00:01:26.004796+00:00"
"2026/ciqsa-2026_1352.json","2026-09-02T00:01:25.453261+00:00"
"2026/ciqsa-2026_1351.json","2026-09-02T00:01:25.249875+00:00"
"2026/ciqsa-2026_1349.json","2026-09-02T00:01:23.521589+00:00"
"2026/ciqsa-2026_1348.json","2026-09-02T00:01:22.562727+00:00"
"2026/ciqsa-2026_1347.json","2026-09-02T00:01:21.813194+00:00"
"2026/ciqsa-2026_1346.json","2026-09-02T00:01:21.443910+00:00"
"2026/ciqsa-2026_1345.json","2026-09-02T00:01:20.961894+00:00"
"2026/ciqsa-2026_1344.json","2026-09-02T00:01:20.362176+00:00"
"2026/ciqsa-2026_1343.json","2026-09-02T00:01:19.584862+00:00"
"2026/ciqsa-2026_1342.json","2026-09-02T00:01:18.339040+00:00"
"2026/ciqsa-2026_1341.json","2026-09-02T00:01:17.616977+00:00"
"2026/ciqsa-2026_1340.json","2026-09-02T00:01:17.471872+00:00"
"2026/ciqsa-2026_1339.json","2026-09-02T00:01:17.193567+00:00"
"2026/ciqsa-2026_1337.json","2026-09-02T00:01:14.930906+00:00"
"2026/ciqsa-2026_1336.json","2026-09-02T00:01:13.968663+00:00"
"2026/ciqsa-2026_1335.json","2026-09-02T00:01:13.370567+00:00"
"2026/ciqsa-2026_1334.json","2026-09-02T00:01:12.467832+00:00"
"2026/ciqsa-2026_1333.json","2026-09-02T00:01:12.304000+00:00"
"2026/ciqsa-2026_1332.json","2026-09-02T00:01:12.136021+00:00"
"2026/ciqsa-2026_1331.json","2026-09-02T00:01:11.941110+00:00"
"2026/ciqsa-2026_1329.json","2026-09-02T00:01:10.658663+00:00"
"2026/ciqsa-2026_1328.json","2026-09-02T00:01:10.205711+00:00"
"2026/ciqsa-2026_1327.json","2026-09-02T00:01:09.452878+00:00"
"2026/ciqsa-2026_1326.json","2026-09-02T00:01:09.347884+00:00"
"2026/ciqsa-2026_1325.json","2026-09-02T00:01:09.149698+00:00"
"2026/ciqsa-2026_1324.json","2026-09-02T00:01:08.440328+00:00"
"2026/ciqsa-2026_1323.json","2026-09-02T00:01:07.677699+00:00"
"2026/ciqsa-2026_1322.json","2026-09-02T00:01:07.529483+00:00"
"2026/ciqsa-2026_1321.json","2026-09-02T00:01:07.369908+00:00"
"2026/ciqsa-2026_1320.json","2026-09-02T00:01:07.300777+00:00"
"2026/ciqsa-2026_1319.json","2026-09-02T00:01:07.203856+00:00"
"2026/ciqsa-2026_1318.json","2026-09-02T00:01:07.040812+00:00"
"2026/ciqsa-2026_1317.json","2026-09-02T00:01:06.973112+00:00"
"2026/ciqsa-2026_1315.json","2026-09-02T00:01:06.799248+00:00"
"2026/ciqsa-2026_1314.json","2026-09-02T00:01:06.719638+00:00"
"2026/ciqsa-2026_1313.json","2026-09-02T00:01:06.641836+00:00"
"2026/ciqsa-2026_1312.json","2026-09-02T00:01:06.573071+00:00"
"2026/ciqsa-2026_1310.json","2026-09-02T00:01:06.425384+00:00"
"2026/ciqsa-2026_1309.json","2026-09-02T00:01:06.326898+00:00"
"2026/ciqsa-2026_1307.json","2026-09-02T00:01:06.166368+00:00"
"2026/ciqsa-2026_1306.json","2026-09-02T00:01:06.087411+00:00"
"2026/ciqsa-2026_1305.json","2026-09-02T00:01:06.007222+00:00"
"2026/ciqsa-2026_1304.json","2026-09-02T00:01:05.926581+00:00"
"2026/ciqsa-2026_1303.json","2026-09-02T00:01:05.842863+00:00"
"2026/ciqsa-2026_1302.json","2026-09-02T00:01:05.737536+00:00"
"2026/ciqsa-2026_1301.json","2026-09-02T00:01:05.570023+00:00"
"2026/ciqsa-2026_1300.json","2026-09-02T00:01:04.660368+00:00"
"2026/ciqsa-2026_1299.json","2026-09-02T00:01:04.513566+00:00"
"2026/ciqsa-2026_1298.json","2026-09-02T00:01:04.364524+00:00"
"2026/ciqsa-2026_1297.json","2026-09-02T00:01:04.126161+00:00"
"2026/ciqsa-2026_1296.json","2026-09-02T00:00:58.940980+00:00"
"2026/ciqsa-2026_1295.json","2026-09-02T00:00:58.816742+00:00"
"2026/ciqsa-2026_1294.json","2026-09-02T00:00:58.737385+00:00"
"2026/ciqsa-2026_1293.json","2026-09-02T00:00:58.633746+00:00"
"2026/ciqsa-2026_1292.json","2026-09-02T00:00:58.538618+00:00"
"2026/ciqsa-2026_1291.json","2026-09-02T00:00:58.460174+00:00"
"2026/ciqsa-2026_1290.json","2026-09-02T00:00:58.385602+00:00"
"2026/ciqsa-2026_1289.json","2026-09-02T00:00:58.311481+00:00"
"2026/ciqsa-2026_1288.json","2026-09-02T00:00:58.236729+00:00"
"2026/ciqsa-2026_1287.json","2026-09-02T00:00:58.161941+00:00"
"2026/ciqsa-2026_1286.json","2026-09-02T00:00:58.089546+00:00"
"2026/ciqsa-2026_1285.json","2026-09-02T00:00:58.015789+00:00"
"2026/ciqsa-2026_1284.json","2026-09-02T00:00:57.939862+00:00"
"2026/ciqsa-2026_1283.json","2026-09-02T00:00:57.868675+00:00"
"2026/ciqsa-2026_1282.json","2026-09-02T00:00:57.789158+00:00"
"2026/ciqsa-2026_1281.json","2026-09-02T00:00:57.719556+00:00"
"2026/ciqsa-2026_1280.json","2026-09-02T00:00:57.651305+00:00"
"2026/ciqsa-2026_1279.json","2026-09-02T00:00:57.577603+00:00"
"2026/ciqsa-2026_1278.json","2026-09-02T00:00:57.385240+00:00"
"2026/ciqsa-2026_1277.json","2026-09-02T00:00:53.920608+00:00"
"2026/ciqsa-2026_1276.json","2026-09-02T00:00:53.851554+00:00"
"2026/ciqsa-2026_1275.json","2026-09-02T00:00:53.779648+00:00"
"2026/ciqsa-2026_1274.json","2026-09-02T00:00:53.699193+00:00"
"2026/ciqsa-2026_1273.json","2026-09-02T00:00:53.623182+00:00"
"2026/ciqsa-2026_1272.json","2026-09-02T00:00:53.541848+00:00"
"2026/ciqsa-2026_1271.json","2026-09-02T00:00:53.461985+00:00"
"2026/ciqsa-2026_1270.json","2026-09-02T00:00:53.359294+00:00"
"2026/ciqsa-2026_1269.json","2026-09-02T00:00:53.283374+00:00"
"2026/ciqsa-2026_1268.json","2026-09-02T00:00:53.206018+00:00"
"2026/ciqsa-2026_1266.json","2026-09-02T00:00:52.798426+00:00"
"2026/ciqsa-2026_1265.json","2026-09-02T00:00:52.589960+00:00"
"2026/ciqsa-2026_1264.json","2026-09-02T00:00:52.487605+00:00"
"2026/ciqsa-2026_1263.json","2026-09-02T00:00:52.293564+00:00"
"2026/ciqsa-2026_1262.json","2026-09-02T00:00:48.887469+00:00"
"2026/ciqsa-2026_1261.json","2026-09-02T00:00:48.808800+00:00"
"2026/ciqsa-2026_1260.json","2026-09-02T00:00:48.710940+00:00"
"2026/ciqsa-2026_1259.json","2026-09-02T00:00:48.635448+00:00"
"2026/ciqsa-2026_1258.json","2026-09-02T00:00:48.565373+00:00"
"2026/ciqsa-2026_1257.json","2026-09-02T00:00:48.496030+00:00"
"2026/ciqsa-2026_1256.json","2026-09-02T00:00:48.390789+00:00"
"2026/ciqsa-2026_1255.json","2026-09-02T00:00:47.781453+00:00"
"2026/ciqsa-2026_1254.json","2026-09-02T00:00:47.709390+00:00"
"2026/ciqsa-2026_1253.json","2026-09-02T00:00:47.572594+00:00"
"2026/ciqsa-2026_1252.json","2026-09-02T00:00:46.969519+00:00"
"2026/ciqsa-2026_1251.json","2026-09-02T00:00:46.871388+00:00"
"2026/ciqsa-2026_1250.json","2026-09-02T00:00:46.769625+00:00"
"2026/ciqsa-2026_1249.json","2026-09-02T00:00:46.683553+00:00"
"2026/ciqsa-2026_1248.json","2026-09-02T00:00:46.608634+00:00"
"2026/ciqsa-2026_1247.json","2026-09-02T00:00:46.527600+00:00"
"2026/ciqsa-2026_1246.json","2026-09-02T00:00:46.429637+00:00"
"2026/ciqsa-2026_1245.json","2026-09-02T00:00:46.348687+00:00"
"2026/ciqsa-2026_1244.json","2026-09-02T00:00:46.269381+00:00"
"2026/ciqsa-2026_1243.json","2026-09-02T00:00:46.190462+00:00"
"2026/ciqsa-2026_1242.json","2026-09-02T00:00:46.117747+00:00"
"2026/ciqsa-2026_1241.json","2026-09-02T00:00:46.016615+00:00"
"2026/ciqsa-2026_1239.json","2026-09-02T00:00:45.786672+00:00"
"2026/ciqsa-2026_1238.json","2026-09-02T00:00:45.705765+00:00"
"2026/ciqsa-2026_1237.json","2026-09-02T00:00:45.593268+00:00"
"2026/ciqsa-2026_1236.json","2026-09-02T00:00:45.491568+00:00"
"2026/ciqsa-2026_1235.json","2026-09-02T00:00:44.955492+00:00"
"2026/ciqsa-2026_1234.json","2026-09-02T00:00:44.883758+00:00"
"2026/ciqsa-2026_1233.json","2026-09-02T00:00:44.811994+00:00"
"2026/ciqsa-2026_1232.json","2026-09-02T00:00:44.710595+00:00"
"2026/ciqsa-2026_1231.json","2026-09-02T00:00:44.106332+00:00"
"2026/ciqsa-2026_1230.json","2026-09-02T00:00:44.037380+00:00"
"2026/ciqsa-2026_1229.json","2026-09-02T00:00:43.970165+00:00"
"2026/ciqsa-2026_1228.json","2026-09-02T00:00:43.899179+00:00"
"2026/ciqsa-2026_1227.json","2026-09-02T00:00:43.826584+00:00"
"2026/ciqsa-2026_1226.json","2026-09-02T00:00:43.755327+00:00"
"2026/ciqsa-2026_1225.json","2026-09-02T00:00:43.684535+00:00"
"2026/ciqsa-2026_1224.json","2026-09-02T00:00:43.614561+00:00"
"2026/ciqsa-2026_1223.json","2026-09-02T00:00:43.545632+00:00"
"2026/ciqsa-2026_1222.json","2026-09-02T00:00:43.466672+00:00"
"2026/ciqsa-2026_1221.json","2026-09-02T00:00:43.383052+00:00"
"2026/ciqsa-2026_1220.json","2026-09-02T00:00:43.244565+00:00"
"2026/ciqsa-2026_1219.json","2026-09-02T00:00:42.669788+00:00"
"2026/ciqsa-2026_1218.json","2026-09-02T00:00:42.544507+00:00"
"2026/ciqsa-2026_1217.json","2026-09-02T00:00:41.907341+00:00"
"2026/ciqsa-2026_1216.json","2026-09-02T00:00:41.824407+00:00"
"2026/ciqsa-2026_1215.json","2026-09-02T00:00:41.737495+00:00"
"2026/ciqsa-2026_1214.json","2026-09-02T00:00:41.650704+00:00"
"2026/ciqsa-2026_1213.json","2026-09-02T00:00:41.560554+00:00"
"2026/ciqsa-2026_1212.json","2026-09-02T00:00:41.473137+00:00"
"2026/ciqsa-2026_1211.json","2026-09-02T00:00:41.388198+00:00"
"2026/ciqsa-2026_1210.json","2026-09-02T00:00:41.288737+00:00"
"2026/ciqsa-2026_1208.json","2026-09-02T00:00:40.785495+00:00"
"2026/ciqsa-2026_1207.json","2026-09-02T00:00:40.691926+00:00"
"2026/ciqsa-2026_1206.json","2026-09-02T00:00:40.197038+00:00"
"2026/ciqsa-2026_1205.json","2026-09-02T00:00:39.668562+00:00"
"2026/ciqsa-2026_1204.json","2026-09-02T00:00:38.819428+00:00"
"2026/ciqsa-2026_1202.json","2026-09-02T00:00:38.096605+00:00"
"2026/ciqsa-2026_1201.json","2026-09-02T00:00:37.088498+00:00"
"2026/ciqsa-2026_1200.json","2026-09-02T00:00:36.846112+00:00"
"2026/ciqsa-2026_1199.json","2026-09-02T00:00:36.620426+00:00"
"2026/ciqsa-2026_1197.json","2026-09-02T00:00:36.381189+00:00"
"2026/ciqsa-2026_1196.json","2026-09-02T00:00:36.270577+00:00"
"2026/ciqsa-2026_1195.json","2026-09-02T00:00:36.097840+00:00"
"2026/ciqsa-2026_1194.json","2026-09-02T00:00:35.150767+00:00"
"2026/ciqsa-2026_1193.json","2026-09-02T00:00:35.052133+00:00"
"2026/ciqsa-2026_1192.json","2026-09-02T00:00:34.486189+00:00"
"2026/ciqsa-2026_1191.json","2026-09-02T00:00:33.616580+00:00"
"2026/ciqsa-2026_1190.json","2026-09-02T00:00:33.516190+00:00"
"2026/ciqsa-2026_1189.json","2026-09-02T00:00:32.952876+00:00"
"2026/ciqsa-2026_1188.json","2026-09-02T00:00:32.780665+00:00"
"2026/ciqsa-2026_1187.json","2026-09-02T00:00:32.563921+00:00"
"2026/ciqsa-2026_1186.json","2026-09-02T00:00:32.355021+00:00"
"2026/ciqsa-2026_1185.json","2026-09-02T00:00:32.125090+00:00"
"2026/ciqsa-2026_1184.json","2026-09-02T00:00:31.217743+00:00"
"2026/ciqsa-2026_1183.json","2026-09-02T00:00:30.318051+00:00"
"2026/ciqsa-2026_1182.json","2026-09-02T00:00:30.031213+00:00"
"2026/ciqsa-2026_1181.json","2026-09-02T00:00:29.846916+00:00"
"2026/ciqsa-2026_1178.json","2026-09-02T00:00:28.860019+00:00"
"2026/ciqsa-2026_1177.json","2026-09-02T00:00:27.956781+00:00"
"2026/ciqsa-2026_1176.json","2026-09-02T00:00:27.790848+00:00"
"2026/ciqsa-2026_1175.json","2026-09-02T00:00:27.649770+00:00"
"2026/ciqsa-2026_1174.json","2026-09-02T00:00:27.507228+00:00"
"2026/ciqsa-2026_1173.json","2026-09-02T00:00:27.361214+00:00"
"2026/ciqsa-2026_1172.json","2026-09-02T00:00:27.080832+00:00"
"2026/ciqsa-2026_1171.json","2026-09-02T00:00:26.732709+00:00"
"2026/ciqsa-2026_1170.json","2026-09-02T00:00:26.585789+00:00"
"2026/ciqsa-2026_1169.json","2026-09-02T00:00:26.443907+00:00"
"2026/ciqsa-2026_1168.json","2026-09-02T00:00:26.298877+00:00"
"2026/ciqsa-2026_1167.json","2026-09-02T00:00:26.154901+00:00"
"2026/ciqsa-2026_1166.json","2026-09-02T00:00:26.011377+00:00"
"2026/ciqsa-2026_1165.json","2026-09-02T00:00:25.854895+00:00"
"2026/ciqsa-2026_1164.json","2026-09-02T00:00:25.135458+00:00"
"2026/ciqsa-2026_1163.json","2026-09-02T00:00:24.421551+00:00"
"2026/ciqsa-2026_1162.json","2026-09-02T00:00:23.713934+00:00"
"2026/ciqsa-2026_1161.json","2026-09-02T00:00:23.365653+00:00"
"2026/ciqsa-2026_1160.json","2026-09-02T00:00:23.001838+00:00"
"2026/ciqsa-2026_1159.json","2026-09-02T00:00:22.634234+00:00"
"2026/ciqsa-2026_1158.json","2026-09-02T00:00:22.556172+00:00"
"2026/ciqsa-2026_1157.json","2026-09-02T00:00:22.462686+00:00"
"2026/ciqsa-2026_1156.json","2026-09-02T00:00:22.265336+00:00"
"2026/ciqsa-2026_1155.json","2026-09-02T00:00:22.199926+00:00"
"2026/ciqsa-2026_1154.json","2026-09-02T00:00:22.110628+00:00"
"2026/ciqsa-2026_1153.json","2026-09-02T00:00:21.997993+00:00"
"2026/ciqsa-2026_1152.json","2026-09-02T00:00:21.900866+00:00"
"2026/ciqsa-2026_1151.json","2026-09-02T00:00:21.821619+00:00"
"2026/ciqsa-2026_1150.json","2026-09-02T00:00:21.751514+00:00"
"2026/ciqsa-2026_1149.json","2026-09-02T00:00:21.669873+00:00"
"2026/ciqsa-2026_1148.json","2026-09-02T00:00:21.550059+00:00"
"2026/ciqsa-2026_1147.json","2026-09-02T00:00:21.479481+00:00"
"2026/ciqsa-2026_1146.json","2026-09-02T00:00:21.385631+00:00"
"2026/ciqsa-2026_1145.json","2026-09-02T00:00:21.309064+00:00"
"2026/ciqsa-2026_1144.json","2026-09-02T00:00:21.180258+00:00"
"2026/ciqsa-2026_1143.json","2026-09-02T00:00:21.112256+00:00"
"2026/ciqsa-2026_1142.json","2026-09-02T00:00:21.042887+00:00"
"2026/ciqsa-2026_1141.json","2026-09-02T00:00:20.973854+00:00"
"2026/ciqsa-2026_1140.json","2026-09-02T00:00:20.880441+00:00"
"2026/ciqsa-2026_1139.json","2026-09-02T00:00:20.810492+00:00"
"2026/ciqsa-2026_1138.json","2026-09-02T00:00:20.715212+00:00"
"2026/ciqsa-2026_1137.json","2026-09-02T00:00:20.616789+00:00"
"2026/ciqsa-2026_1136.json","2026-09-02T00:00:20.528126+00:00"
"2026/ciqsa-2026_1135.json","2026-09-02T00:00:19.977518+00:00"
"2026/ciqsa-2026_1134.json","2026-09-02T00:00:19.326229+00:00"
"2026/ciqsa-2026_1133.json","2026-09-02T00:00:19.230340+00:00"
"2026/ciqsa-2026_1132.json","2026-09-02T00:00:19.125593+00:00"
"2026/ciqsa-2026_1131.json","2026-09-02T00:00:18.888355+00:00"
"2026/ciqsa-2026_1130.json","2026-09-02T00:00:18.736389+00:00"
"2026/ciqsa-2026_1129.json","2026-09-02T00:00:18.500852+00:00"
"2026/ciqsa-2026_1128.json","2026-09-02T00:00:18.263986+00:00"
"2026/ciqsa-2026_1127.json","2026-09-02T00:00:18.040184+00:00"
"2026/ciqsa-2026_1126.json","2026-09-02T00:00:17.878382+00:00"
"2026/ciqsa-2026_1125.json","2026-09-02T00:00:17.707210+00:00"
"2026/ciqsa-2026_1124.json","2026-09-02T00:00:17.540416+00:00"
"2026/ciqsa-2026_1123.json","2026-09-02T00:00:17.368518+00:00"
"2026/ciqsa-2026_1122.json","2026-09-02T00:00:16.983506+00:00"
"2026/ciqsa-2026_1121.json","2026-09-02T00:00:16.598370+00:00"
"2026/ciqsa-2026_1120.json","2026-09-02T00:00:16.207131+00:00"
"2026/ciqsa-2026_1119.json","2026-09-02T00:00:15.807601+00:00"
"2026/ciqsa-2026_1118.json","2026-09-02T00:00:15.421440+00:00"
"2026/ciqsa-2026_1117.json","2026-09-02T00:00:15.030640+00:00"
"2026/ciqsa-2026_1116.json","2026-09-02T00:00:14.830561+00:00"
"2026/ciqsa-2026_1115.json","2026-09-02T00:00:14.634843+00:00"
"2026/ciqsa-2026_1114.json","2026-09-02T00:00:14.430555+00:00"
"2026/ciqsa-2026_1111.json","2026-09-02T00:00:13.424910+00:00"
"2026/ciqsa-2026_1109.json","2026-09-02T00:00:13.022443+00:00"
"2026/ciqsa-2026_1108.json","2026-09-02T00:00:12.897837+00:00"
"2026/ciqsa-2026_1107.json","2026-09-02T00:00:12.630550+00:00"
"2026/ciqsa-2026_1106.json","2026-09-02T00:00:12.356131+00:00"
"2026/ciqsa-2026_1105.json","2026-09-02T00:00:12.035160+00:00"
"2026/ciqsa-2026_1104.json","2026-09-02T00:00:10.518480+00:00"
"2026/ciqsa-2026_1103.json","2026-09-02T00:00:10.287036+00:00"
"2026/ciqsa-2026_1102.json","2026-09-02T00:00:09.975560+00:00"
"2026/ciqsa-2026_1100.json","2026-09-02T00:00:09.304796+00:00"
"2026/ciqsa-2026_1099.json","2026-09-02T00:00:09.062888+00:00"
"2026/ciqsa-2026_1098.json","2026-09-02T00:00:08.824262+00:00"
"2026/ciqsa-2026_1097.json","2026-09-02T00:00:08.600501+00:00"
"2026/ciqsa-2026_1094.json","2026-09-02T00:00:08.250214+00:00"
"2026/ciqsa-2026_1089.json","2026-09-02T00:00:07.787133+00:00"
"2026/ciqsa-2026_1088.json","2026-09-02T00:00:07.706426+00:00"
"2026/ciqsa-2026_1087.json","2026-09-02T00:00:07.592785+00:00"
"2026/ciqsa-2026_1085.json","2026-09-02T00:00:07.397263+00:00"
"2026/ciqsa-2026_1083.json","2026-09-02T00:00:07.198134+00:00"
"2026/ciqsa-2026_1080.json","2026-09-02T00:00:06.700847+00:00"
"2026/ciqsa-2026_1079.json","2026-09-02T00:00:06.496822+00:00"
"2026/ciqsa-2026_1065.json","2026-09-01T23:59:59.960784+00:00"
"2026/ciqsa-2026_1064.json","2026-09-01T23:59:59.836392+00:00"
"2026/ciqsa-2026_1063.json","2026-09-01T23:59:59.712488+00:00"
"2026/ciqsa-2026_1062.json","2026-09-01T23:59:59.559904+00:00"
"2026/ciqsa-2026_1061.json","2026-09-01T23:59:59.395978+00:00"
"2026/ciqsa-2026_1060.json","2026-09-01T23:59:58.696142+00:00"
"2026/ciqsa-2026_1059.json","2026-09-01T23:59:58.530426+00:00"
"2026/ciqsa-2026_1058.json","2026-09-01T23:59:58.393842+00:00"
"2026/ciqsa-2026_1057.json","2026-09-01T23:59:58.250454+00:00"
"2026/ciqsa-2026_1056.json","2026-09-01T23:59:58.116451+00:00"
"2026/ciqsa-2026_1055.json","2026-09-01T23:59:57.972077+00:00"
"2026/ciqsa-2026_1054.json","2026-09-01T23:59:57.829551+00:00"
"2026/ciqsa-2026_1053.json","2026-09-01T23:59:57.686812+00:00"
"2026/ciqsa-2026_1052.json","2026-09-01T23:59:57.545075+00:00"
"2026/ciqsa-2026_1051.json","2026-09-01T23:59:57.395641+00:00"
"2026/ciqsa-2026_1050.json","2026-09-01T23:59:57.235179+00:00"
"2026/ciqsa-2026_1049.json","2026-09-01T23:59:56.520531+00:00"
"2026/ciqsa-2026_1048.json","2026-09-01T23:59:55.797202+00:00"
"2026/ciqsa-2026_1047.json","2026-09-01T23:59:55.512168+00:00"
"2026/ciqsa-2026_1046.json","2026-09-01T23:59:55.341500+00:00"
"2026/ciqsa-2026_1045.json","2026-09-01T23:59:54.759576+00:00"
"2026/ciqsa-2026_1044.json","2026-09-01T23:59:54.564533+00:00"
"2026/ciqsa-2026_1043.json","2026-09-01T23:59:54.277489+00:00"
"2026/ciqsa-2026_1042.json","2026-09-01T23:59:53.992755+00:00"
"2026/ciqsa-2026_1041.json","2026-09-01T23:59:53.849125+00:00"
"2026/ciqsa-2026_1040.json","2026-09-01T23:59:53.722655+00:00"
"2026/ciqsa-2026_1039.json","2026-09-01T23:59:53.501792+00:00"
"2026/ciqsa-2026_1038.json","2026-09-01T23:59:52.398445+00:00"
"2026/ciqsa-2026_1037.json","2026-09-01T23:59:51.852435+00:00"
"2026/ciqsa-2026_1036.json","2026-09-01T23:59:51.503777+00:00"
"2026/ciqsa-2026_1035.json","2026-09-01T23:59:51.146667+00:00"
"2026/ciqsa-2026_1034.json","2026-09-01T23:59:50.949584+00:00"
"2026/ciqsa-2026_1033.json","2026-09-01T23:59:50.757696+00:00"
"2026/ciqsa-2026_1032.json","2026-09-01T23:59:50.564412+00:00"
"2026/ciqsa-2026_1031.json","2026-09-01T23:59:50.358976+00:00"
"2026/ciqsa-2026_1030.json","2026-09-01T23:59:50.158154+00:00"
"2026/ciqsa-2026_1028.json","2026-09-01T23:59:49.861653+00:00"
"2026/ciqsa-2026_1027.json","2026-09-01T23:59:49.732890+00:00"
"2026/ciqsa-2026_1026.json","2026-09-01T23:59:49.660381+00:00"
"2026/ciqsa-2026_1025.json","2026-09-01T23:59:49.583536+00:00"
"2026/ciqsa-2026_1024.json","2026-09-01T23:59:49.457563+00:00"
"2026/ciqsa-2026_1023.json","2026-09-01T23:59:49.389890+00:00"
"2026/ciqsa-2026_1022.json","2026-09-01T23:59:49.303562+00:00"
"2026/ciqsa-2026_1018.json","2026-09-01T23:59:48.779121+00:00"
"2026/ciqsa-2026_1017.json","2026-09-01T23:59:48.492761+00:00"
"2026/ciqsa-2026_1015.json","2026-09-01T23:59:48.046577+00:00"
"2026/ciqsa-2026_1012.json","2026-09-01T23:59:47.493134+00:00"
"2026/ciqsa-2026_1010.json","2026-09-01T23:59:47.074805+00:00"
"2026/ciqsa-2026_1009.json","2026-09-01T23:59:46.954787+00:00"
"2026/ciqsa-2026_1008.json","2026-09-01T23:59:46.831178+00:00"
"2026/ciqsa-2026_1007.json","2026-09-01T23:59:46.739836+00:00"
"2026/ciqsa-2026_1006.json","2026-09-01T23:59:46.612184+00:00"
"2026/ciqsa-2026_1005.json","2026-09-01T23:59:46.460557+00:00"
"2026/ciqsa-2026_1004.json","2026-09-01T23:59:46.339856+00:00"
"2026/ciqsa-2026_1003.json","2026-09-01T23:59:46.207220+00:00"
"2026/ciqsa-2026_1002.json","2026-09-01T23:59:46.127012+00:00"
"2026/ciqsa-2026_1001.json","2026-09-01T23:59:46.055551+00:00"
"2026/ciqsa-2026_1000.json","2026-09-01T23:59:45.926806+00:00"
"2026/ciqsa-2026_0999.json","2026-09-01T23:59:45.786111+00:00"
"2026/ciqsa-2026_0998.json","2026-09-01T23:59:45.393600+00:00"
"2026/ciqsa-2026_0997.json","2026-09-01T23:59:44.998298+00:00"
"2026/ciqsa-2026_0996.json","2026-09-01T23:59:44.618799+00:00"
"2026/ciqsa-2026_0995.json","2026-09-01T23:59:44.483285+00:00"
"2026/ciqsa-2026_0992.json","2026-09-01T23:59:43.306851+00:00"
"2026/ciqsa-2026_0991.json","2026-09-01T23:59:42.494361+00:00"
"2026/ciqsa-2026_0990.json","2026-09-01T23:59:41.939553+00:00"
"2026/ciqsa-2026_0989.json","2026-09-01T23:59:41.773474+00:00"
"2026/ciqsa-2026_0988.json","2026-09-01T23:59:41.033512+00:00"
"2026/ciqsa-2026_0987.json","2026-09-01T23:59:40.320029+00:00"
"2026/ciqsa-2026_0985.json","2026-09-01T23:59:40.018583+00:00"
"2026/ciqsa-2026_0984.json","2026-09-01T23:59:39.450145+00:00"
"2026/ciqsa-2026_0983.json","2026-09-01T23:59:38.085240+00:00"
"2026/ciqsa-2026_0982.json","2026-09-01T23:59:37.800435+00:00"
"2026/ciqsa-2026_0981.json","2026-09-01T23:59:36.971364+00:00"
"2026/ciqsa-2026_0980.json","2026-09-01T23:59:36.711740+00:00"
"2026/ciqsa-2026_0978.json","2026-09-01T23:59:32.847842+00:00"
"2026/ciqsa-2026_0976.json","2026-09-01T23:59:32.278518+00:00"
"2026/ciqsa-2026_0974.json","2026-09-01T23:59:30.796546+00:00"
"2026/ciqsa-2026_0973.json","2026-09-01T23:59:30.410743+00:00"
"2026/ciqsa-2026_0972.json","2026-09-01T23:59:30.011849+00:00"
"2026/ciqsa-2026_0970.json","2026-09-01T23:59:29.386432+00:00"
"2026/ciqsa-2026_0969.json","2026-09-01T23:59:29.214528+00:00"
"2026/ciqsa-2026_0966.json","2026-09-01T23:59:28.162406+00:00"
"2026/ciqsa-2026_0965.json","2026-09-01T23:59:27.899618+00:00"
"2026/ciqsa-2026_0964.json","2026-09-01T23:59:27.758468+00:00"
"2026/ciqsa-2026_0962.json","2026-09-01T23:59:27.021716+00:00"
"2026/ciqsa-2026_0961.json","2026-09-01T23:59:26.872646+00:00"
"2026/ciqsa-2026_0960.json","2026-09-01T23:59:26.738483+00:00"
"2026/ciqsa-2026_0959.json","2026-09-01T23:59:26.601864+00:00"
"2026/ciqsa-2026_0958.json","2026-09-01T23:59:26.500862+00:00"
"2026/ciqsa-2026_0957.json","2026-09-01T23:59:26.212269+00:00"
"2026/ciqsa-2026_0956.json","2026-09-01T23:59:25.213325+00:00"
"2026/ciqsa-2026_0955.json","2026-09-01T23:59:25.039818+00:00"
"2026/ciqsa-2026_0953.json","2026-09-01T23:59:24.201789+00:00"
"2026/ciqsa-2026_0952.json","2026-09-01T23:59:23.414513+00:00"
"2026/ciqsa-2026_0951.json","2026-09-01T23:59:23.041854+00:00"
"2026/ciqsa-2026_0950.json","2026-09-01T23:59:22.835316+00:00"
"2026/ciqsa-2026_0949.json","2026-09-01T23:59:22.514460+00:00"
"2026/ciqsa-2026_0948.json","2026-09-01T23:59:21.948964+00:00"
"2026/ciqsa-2026_0947.json","2026-09-01T23:59:21.146355+00:00"
"2026/ciqsa-2026_0946.json","2026-09-01T23:59:20.910136+00:00"
"2026/ciqsa-2026_0945.json","2026-09-01T23:59:20.673449+00:00"
"2026/ciqsa-2026_0944.json","2026-09-01T23:59:20.430481+00:00"
"2026/ciqsa-2026_0943.json","2026-09-01T23:59:20.237532+00:00"
"2026/ciqsa-2026_0942.json","2026-09-01T23:59:19.847199+00:00"
"2026/ciqsa-2026_0941.json","2026-09-01T23:59:19.694542+00:00"
"2026/ciqsa-2026_0940.json","2026-09-01T23:59:19.541264+00:00"
"2026/ciqsa-2026_0938.json","2026-09-01T23:59:18.939796+00:00"
"2026/ciqsa-2026_0937.json","2026-09-01T23:59:18.699985+00:00"
"2026/ciqsa-2026_0935.json","2026-09-01T23:59:18.264662+00:00"
"2026/ciqsa-2026_0934.json","2026-09-01T23:59:18.108686+00:00"
"2026/ciqsa-2026_0933.json","2026-09-01T23:59:17.784658+00:00"
"2026/ciqsa-2026_0932.json","2026-09-01T23:59:17.637383+00:00"
"2026/ciqsa-2026_0931.json","2026-09-01T23:59:17.323450+00:00"
"2026/ciqsa-2026_0930.json","2026-09-01T23:59:17.024566+00:00"
"2026/ciqsa-2026_0929.json","2026-09-01T23:59:16.813870+00:00"
"2026/ciqsa-2026_0928.json","2026-09-01T23:59:16.562501+00:00"
"2026/ciqsa-2026_0927.json","2026-09-01T23:59:15.993390+00:00"
"2026/ciqsa-2026_0925.json","2026-09-01T23:59:15.437480+00:00"
"2026/ciqsa-2026_0924.json","2026-09-01T23:59:15.323649+00:00"
"2026/ciqsa-2026_0923.json","2026-09-01T23:59:15.182719+00:00"
"2026/ciqsa-2026_0922.json","2026-09-01T23:59:15.099527+00:00"
"2026/ciqsa-2026_0920.json","2026-09-01T23:59:14.364854+00:00"
"2026/ciqsa-2026_0919.json","2026-09-01T23:59:14.121598+00:00"
"2026/ciqsa-2026_0918.json","2026-09-01T23:59:13.874217+00:00"
"2026/ciqsa-2026_0913.json","2026-09-01T23:59:12.479782+00:00"
"2026/ciqsa-2026_0911.json","2026-09-01T23:59:12.283291+00:00"
"2026/ciqsa-2026_0910.json","2026-09-01T23:59:12.197799+00:00"
"2026/ciqsa-2026_0908.json","2026-09-01T23:59:11.978660+00:00"
"2026/ciqsa-2026_0907.json","2026-09-01T23:59:11.907530+00:00"
"2026/ciqsa-2026_0906.json","2026-09-01T23:59:11.837255+00:00"
"2026/ciqsa-2026_0905.json","2026-09-01T23:59:11.744715+00:00"
"2026/ciqsa-2026_0904.json","2026-09-01T23:59:11.621395+00:00"
"2026/ciqsa-2026_0901.json","2026-09-01T23:59:11.355348+00:00"
"2026/ciqsa-2026_0900.json","2026-09-01T23:59:11.289353+00:00"
"2026/ciqsa-2026_0899.json","2026-09-01T23:59:11.208012+00:00"
"2026/ciqsa-2026_0898.json","2026-09-01T23:59:11.047747+00:00"
"2026/ciqsa-2026_0897.json","2026-09-01T23:59:10.832440+00:00"
"2026/ciqsa-2026_0896.json","2026-09-01T23:59:10.704567+00:00"
"2026/ciqsa-2026_0895.json","2026-09-01T23:59:10.511476+00:00"
"2026/ciqsa-2026_0894.json","2026-09-01T23:59:09.942443+00:00"
"2026/ciqsa-2026_0893.json","2026-09-01T23:59:09.799272+00:00"
"2026/ciqsa-2026_0892.json","2026-09-01T23:59:09.674177+00:00"
"2026/ciqsa-2026_0891.json","2026-09-01T23:59:09.546776+00:00"
"2026/ciqsa-2026_0890.json","2026-09-01T23:59:09.416460+00:00"
"2026/ciqsa-2026_0889.json","2026-09-01T23:59:09.290665+00:00"
"2026/ciqsa-2026_0888.json","2026-09-01T23:59:09.165941+00:00"
"2026/ciqsa-2026_0887.json","2026-09-01T23:59:09.039401+00:00"
"2026/ciqsa-2026_0886.json","2026-09-01T23:59:08.915266+00:00"
"2026/ciqsa-2026_0885.json","2026-09-01T23:59:08.771869+00:00"
"2026/ciqsa-2026_0884.json","2026-09-01T23:59:08.114152+00:00"
"2026/ciqsa-2026_0883.json","2026-09-01T23:59:07.445594+00:00"
"2026/ciqsa-2026_0882.json","2026-09-01T23:59:06.686868+00:00"
"2026/ciqsa-2026_0880.json","2026-09-01T23:59:05.652533+00:00"
"2026/ciqsa-2026_0879.json","2026-09-01T23:59:04.589575+00:00"
"2026/ciqsa-2026_0878.json","2026-09-01T23:59:04.201363+00:00"
"2026/ciqsa-2026_0877.json","2026-09-01T23:59:04.066141+00:00"
"2026/ciqsa-2026_0875.json","2026-09-01T23:59:03.712833+00:00"
"2026/ciqsa-2026_0874.json","2026-09-01T23:59:03.477184+00:00"
"2026/ciqsa-2026_0873.json","2026-09-01T23:59:03.322597+00:00"
"2026/ciqsa-2026_0872.json","2026-09-01T23:59:03.052900+00:00"
"2026/ciqsa-2026_0871.json","2026-09-01T23:59:02.454885+00:00"
"2026/ciqsa-2026_0870.json","2026-09-01T23:59:01.829886+00:00"
"2026/ciqsa-2026_0869.json","2026-09-01T23:59:01.462537+00:00"
"2026/ciqsa-2026_0868.json","2026-09-01T23:59:01.268192+00:00"
"2026/ciqsa-2026_0867.json","2026-09-01T23:59:01.073544+00:00"
"2026/ciqsa-2026_0866.json","2026-09-01T23:59:00.864435+00:00"
"2026/ciqsa-2026_0865.json","2026-09-01T23:59:00.636493+00:00"
"2026/ciqsa-2026_0864.json","2026-09-01T23:59:00.076317+00:00"
"2026/ciqsa-2026_0863.json","2026-09-01T23:58:59.913188+00:00"
"2026/ciqsa-2026_0862.json","2026-09-01T23:58:59.799300+00:00"
"2026/ciqsa-2026_0861.json","2026-09-01T23:58:59.693209+00:00"
"2026/ciqsa-2026_0860.json","2026-09-01T23:58:59.550903+00:00"
"2026/ciqsa-2026_0859.json","2026-09-01T23:58:59.402517+00:00"
"2026/ciqsa-2026_0858.json","2026-09-01T23:58:59.315587+00:00"
"2026/ciqsa-2026_0857.json","2026-09-01T23:58:59.178790+00:00"
"2026/ciqsa-2026_0856.json","2026-09-01T23:58:59.046676+00:00"
"2026/ciqsa-2026_0855.json","2026-09-01T23:58:58.965075+00:00"
"2026/ciqsa-2026_0854.json","2026-09-01T23:58:58.858233+00:00"
"2026/ciqsa-2026_0853.json","2026-09-01T23:58:58.540896+00:00"
"2026/ciqsa-2026_0852.json","2026-09-01T23:58:58.405826+00:00"
"2026/ciqsa-2026_0851.json","2026-09-01T23:58:58.289908+00:00"
"2026/ciqsa-2026_0850.json","2026-09-01T23:58:58.085520+00:00"
"2026/ciqsa-2026_0849.json","2026-09-01T23:58:57.950722+00:00"
"2026/ciqsa-2026_0848.json","2026-09-01T23:58:57.868466+00:00"
"2026/ciqsa-2026_0847.json","2026-09-01T23:58:57.771745+00:00"
"2026/ciqsa-2026_0846.json","2026-09-01T23:58:57.626067+00:00"
"2026/ciqsa-2026_0845.json","2026-09-01T23:58:57.454567+00:00"
"2026/ciqsa-2026_0844.json","2026-09-01T23:58:57.226055+00:00"
"2026/ciqsa-2026_0843.json","2026-09-01T23:58:57.081825+00:00"
"2026/ciqsa-2026_0842.json","2026-09-01T23:58:56.441584+00:00"
"2026/ciqsa-2026_0841.json","2026-09-01T23:58:56.355246+00:00"
"2026/ciqsa-2026_0840.json","2026-09-01T23:58:56.243706+00:00"
"2026/ciqsa-2026_0839.json","2026-09-01T23:58:56.085816+00:00"
"2026/ciqsa-2026_0838.json","2026-09-01T23:58:55.536466+00:00"
"2026/ciqsa-2026_0837.json","2026-09-01T23:58:55.377581+00:00"
"2026/ciqsa-2026_0836.json","2026-09-01T23:58:54.470725+00:00"
"2026/ciqsa-2026_0835.json","2026-09-01T23:58:53.998588+00:00"
"2026/ciqsa-2026_0834.json","2026-09-01T23:58:53.853507+00:00"
"2026/ciqsa-2026_0833.json","2026-09-01T23:58:53.627799+00:00"
"2026/ciqsa-2026_0832.json","2026-09-01T23:58:53.366120+00:00"
"2026/ciqsa-2026_0831.json","2026-09-01T23:58:53.229802+00:00"
"2026/ciqsa-2026_0830.json","2026-09-01T23:58:53.136556+00:00"
"2026/ciqsa-2026_0829.json","2026-09-01T23:58:53.036452+00:00"
"2026/ciqsa-2026_0828.json","2026-09-01T23:58:52.860223+00:00"
"2026/ciqsa-2026_0827.json","2026-09-01T23:58:52.604621+00:00"
"2026/ciqsa-2026_0826.json","2026-09-01T23:58:52.412189+00:00"
"2026/ciqsa-2026_0825.json","2026-09-01T23:58:51.838585+00:00"
"2026/ciqsa-2026_0824.json","2026-09-01T23:58:50.032880+00:00"
"2026/ciqsa-2026_0823.json","2026-09-01T23:58:49.374747+00:00"
"2026/ciqsa-2026_0819.json","2026-09-01T23:58:48.167398+00:00"
"2026/ciqsa-2026_0818.json","2026-09-01T23:58:48.097434+00:00"
"2026/ciqsa-2026_0817.json","2026-09-01T23:58:48.027094+00:00"
"2026/ciqsa-2026_0815.json","2026-09-01T23:58:47.771278+00:00"
"2026/ciqsa-2026_0813.json","2026-09-01T23:58:47.508162+00:00"
"2026/ciqsa-2026_0812.json","2026-09-01T23:58:47.428610+00:00"
"2026/ciqsa-2026_0811.json","2026-09-01T23:58:47.356863+00:00"
"2026/ciqsa-2026_0810.json","2026-09-01T23:58:47.285855+00:00"
"2026/ciqsa-2026_0809.json","2026-09-01T23:58:47.147594+00:00"
"2026/ciqsa-2026_0808.json","2026-09-01T23:58:46.503508+00:00"
"2026/ciqsa-2026_0807.json","2026-09-01T23:58:46.190025+00:00"
"2026/ciqsa-2026_0804.json","2026-09-01T23:58:45.719971+00:00"
"2026/ciqsa-2026_0803.json","2026-09-01T23:58:45.556445+00:00"
"2026/ciqsa-2026_0801.json","2026-09-01T23:58:45.369573+00:00"
"2026/ciqsa-2026_0800.json","2026-09-01T23:58:45.220482+00:00"
"2026/ciqsa-2026_0799.json","2026-09-01T23:58:45.087819+00:00"
"2026/ciqsa-2026_0798.json","2026-09-01T23:58:44.968948+00:00"
"2026/ciqsa-2026_0797.json","2026-09-01T23:58:44.819464+00:00"
"2026/ciqsa-2026_0796.json","2026-09-01T23:58:44.682782+00:00"
"2026/ciqsa-2026_0788.json","2026-09-01T23:58:43.464405+00:00"
"2026/ciqsa-2026_0787.json","2026-09-01T23:58:43.301136+00:00"
"2026/ciqsa-2026_0786.json","2026-09-01T23:58:43.055598+00:00"
"2026/ciqsa-2026_0785.json","2026-09-01T23:58:42.217134+00:00"
"2026/ciqsa-2026_0784.json","2026-09-01T23:58:41.815506+00:00"
"2026/ciqsa-2026_0782.json","2026-09-01T23:58:40.858873+00:00"
"2026/ciqsa-2026_0781.json","2026-09-01T23:58:40.712604+00:00"
"2026/ciqsa-2026_0780.json","2026-09-01T23:58:40.462703+00:00"
"2026/ciqsa-2026_0779.json","2026-09-01T23:58:40.228130+00:00"
"2026/ciqsa-2026_0778.json","2026-09-01T23:58:40.145877+00:00"
"2026/ciqsa-2026_0777.json","2026-09-01T23:58:40.065247+00:00"
"2026/ciqsa-2026_0776.json","2026-09-01T23:58:39.969648+00:00"
"2026/ciqsa-2026_0775.json","2026-09-01T23:58:39.790445+00:00"
"2026/ciqsa-2026_0774.json","2026-09-01T23:58:39.711681+00:00"
"2026/ciqsa-2026_0773.json","2026-09-01T23:58:39.637450+00:00"
"2026/ciqsa-2026_0772.json","2026-09-01T23:58:39.565467+00:00"
"2026/ciqsa-2026_0771.json","2026-09-01T23:58:39.456861+00:00"
"2026/ciqsa-2026_0770.json","2026-09-01T23:58:39.333761+00:00"
"2026/ciqsa-2026_0769.json","2026-09-01T23:58:39.262781+00:00"
"2026/ciqsa-2026_0768.json","2026-09-01T23:58:39.190991+00:00"
"2026/ciqsa-2026_0767.json","2026-09-01T23:58:39.118860+00:00"
"2026/ciqsa-2026_0766.json","2026-09-01T23:58:39.037830+00:00"
"2026/ciqsa-2026_0765.json","2026-09-01T23:58:38.945253+00:00"
"2026/ciqsa-2026_0764.json","2026-09-01T23:58:38.840586+00:00"
"2026/ciqsa-2026_0763.json","2026-09-01T23:58:38.766412+00:00"
"2026/ciqsa-2026_0762.json","2026-09-01T23:58:38.667868+00:00"
"2026/ciqsa-2026_0761.json","2026-09-01T23:58:38.598184+00:00"
"2026/ciqsa-2026_0760.json","2026-09-01T23:58:38.518765+00:00"
"2026/ciqsa-2026_0759.json","2026-09-01T23:58:38.409587+00:00"
"2026/ciqsa-2026_0758.json","2026-09-01T23:58:38.291631+00:00"
"2026/ciqsa-2026_0757.json","2026-09-01T23:58:38.215127+00:00"
"2026/ciqsa-2026_0756.json","2026-09-01T23:58:38.129379+00:00"
"2026/ciqsa-2026_0755.json","2026-09-01T23:58:37.922449+00:00"
"2026/ciqsa-2026_0754.json","2026-09-01T23:58:37.811627+00:00"
"2026/ciqsa-2026_0753.json","2026-09-01T23:58:37.677550+00:00"
"2026/ciqsa-2026_0752.json","2026-09-01T23:58:37.587743+00:00"
"2026/ciqsa-2026_0751.json","2026-09-01T23:58:37.291164+00:00"
"2026/ciqsa-2026_0750.json","2026-09-01T23:58:37.161781+00:00"
"2026/ciqsa-2026_0748.json","2026-09-01T23:58:36.720840+00:00"
"2026/ciqsa-2026_0747.json","2026-09-01T23:58:36.478205+00:00"
"2026/ciqsa-2026_0746.json","2026-09-01T23:58:36.250554+00:00"
"2026/ciqsa-2026_0744.json","2026-09-01T23:58:35.883716+00:00"
"2026/ciqsa-2026_0743.json","2026-09-01T23:58:35.730430+00:00"
"2026/ciqsa-2026_0741.json","2026-09-01T23:58:35.457814+00:00"
"2026/ciqsa-2026_0739.json","2026-09-01T23:58:35.196061+00:00"
"2026/ciqsa-2026_0738.json","2026-09-01T23:58:35.127904+00:00"
"2026/ciqsa-2026_0737.json","2026-09-01T23:58:35.046436+00:00"
"2026/ciqsa-2026_0736.json","2026-09-01T23:58:34.918179+00:00"
"2026/ciqsa-2026_0735.json","2026-09-01T23:58:34.816253+00:00"
"2026/ciqsa-2026_0734.json","2026-09-01T23:58:34.714494+00:00"
"2026/ciqsa-2026_0733.json","2026-09-01T23:58:34.611648+00:00"
"2026/ciqsa-2026_0732.json","2026-09-01T23:58:34.540739+00:00"
"2026/ciqsa-2026_0731.json","2026-09-01T23:58:34.475430+00:00"
"2026/ciqsa-2026_0730.json","2026-09-01T23:58:34.371865+00:00"
"2026/ciqsa-2026_0729.json","2026-09-01T23:58:34.093913+00:00"
"2026/ciqsa-2026_0728.json","2026-09-01T23:58:33.874651+00:00"
"2026/ciqsa-2026_0727.json","2026-09-01T23:58:33.320404+00:00"
"2026/ciqsa-2026_0725.json","2026-09-01T23:58:33.073612+00:00"
"2026/ciqsa-2026_0723.json","2026-09-01T23:58:32.708063+00:00"
"2026/ciqsa-2026_0722.json","2026-09-01T23:58:32.538639+00:00"
"2026/ciqsa-2026_0721.json","2026-09-01T23:58:32.439256+00:00"
"2026/ciqsa-2026_0719.json","2026-09-01T23:57:51.305890+00:00"
"2026/ciqsa-2026_0717.json","2026-09-01T23:57:51.142832+00:00"
"2026/ciqsa-2026_0716.json","2026-09-01T23:57:51.004441+00:00"
"2026/ciqsa-2026_0715.json","2026-09-01T23:57:50.842443+00:00"
"2026/ciqsa-2026_0714.json","2026-09-01T23:57:50.702186+00:00"
"2026/ciqsa-2026_0713.json","2026-09-01T23:57:50.546141+00:00"
"2026/ciqsa-2026_0712.json","2026-09-01T23:57:50.391754+00:00"
"2026/ciqsa-2026_0711.json","2026-09-01T23:57:50.233155+00:00"
"2026/ciqsa-2026_0710.json","2026-09-01T23:57:50.050746+00:00"
"2026/ciqsa-2026_0709.json","2026-09-01T23:57:49.882501+00:00"
"2026/ciqsa-2026_0708.json","2026-09-01T23:57:49.723591+00:00"
"2026/ciqsa-2026_0707.json","2026-09-01T23:57:49.558012+00:00"
"2026/ciqsa-2026_0706.json","2026-09-01T23:57:49.364616+00:00"
"2026/ciqsa-2026_0705.json","2026-09-01T23:57:49.209542+00:00"
"2026/ciqsa-2026_0704.json","2026-09-01T23:57:49.060756+00:00"
"2026/ciqsa-2026_0703.json","2026-09-01T23:57:48.909060+00:00"
"2026/ciqsa-2026_0702.json","2026-09-01T23:57:48.753295+00:00"
"2026/ciqsa-2026_0701.json","2026-09-01T23:57:48.635590+00:00"
"2026/ciqsa-2026_0700.json","2026-09-01T23:57:48.525479+00:00"
"2026/ciqsa-2026_0699.json","2026-09-01T23:57:48.396587+00:00"
"2026/ciqsa-2026_0698.json","2026-09-01T23:57:48.208414+00:00"
"2026/ciqsa-2026_0697.json","2026-09-01T23:57:48.017584+00:00"
"2026/ciqsa-2026_0696.json","2026-09-01T23:57:47.776240+00:00"
"2026/ciqsa-2026_0695.json","2026-09-01T23:57:47.659509+00:00"
"2026/ciqsa-2026_0694.json","2026-09-01T23:57:47.551487+00:00"
"2026/ciqsa-2026_0693.json","2026-09-01T23:57:47.422871+00:00"
"2026/ciqsa-2026_0692.json","2026-09-01T23:57:47.156481+00:00"
"2026/ciqsa-2026_0691.json","2026-09-01T23:57:47.031923+00:00"
"2026/ciqsa-2026_0690.json","2026-09-01T23:57:46.869600+00:00"
"2026/ciqsa-2026_0689.json","2026-09-01T23:57:46.704852+00:00"
"2026/ciqsa-2026_0688.json","2026-09-01T23:57:46.518708+00:00"
"2026/ciqsa-2026_0687.json","2026-09-01T23:57:46.328766+00:00"
"2026/ciqsa-2026_0682.json","2026-09-01T23:57:45.236816+00:00"
"2026/ciqsa-2026_0668.json","2026-09-01T23:57:41.946673+00:00"
"2026/ciqsa-2026_0667.json","2026-09-01T23:57:41.767100+00:00"
"2026/ciqsa-2026_0666.json","2026-09-01T23:57:41.642476+00:00"
"2026/ciqsa-2026_0665.json","2026-09-01T23:57:41.462658+00:00"
"2026/ciqsa-2026_0664.json","2026-09-01T23:57:41.284547+00:00"
"2026/ciqsa-2026_0663.json","2026-09-01T23:57:41.115199+00:00"
"2026/ciqsa-2026_0662.json","2026-09-01T23:57:40.972940+00:00"
"2026/ciqsa-2026_0661.json","2026-09-01T23:57:40.830095+00:00"
"2026/ciqsa-2026_0660.json","2026-09-01T23:57:40.695633+00:00"
"2026/ciqsa-2026_0659.json","2026-09-01T23:57:40.553353+00:00"
"2026/ciqsa-2026_0658.json","2026-09-01T23:57:40.420341+00:00"
"2026/ciqsa-2026_0657.json","2026-09-01T23:57:40.287110+00:00"
"2026/ciqsa-2026_0656.json","2026-09-01T23:57:39.328633+00:00"
"2026/ciqsa-2026_0655.json","2026-09-01T23:57:39.182152+00:00"
"2026/ciqsa-2026_0654.json","2026-09-01T23:57:39.070201+00:00"
"2026/ciqsa-2026_0653.json","2026-09-01T23:57:38.979537+00:00"
"2026/ciqsa-2026_0652.json","2026-09-01T23:57:38.713481+00:00"
"2026/ciqsa-2026_0651.json","2026-09-01T23:57:38.471496+00:00"
"2026/ciqsa-2026_0650.json","2026-09-01T23:57:38.216488+00:00"
"2026/ciqsa-2026_0649.json","2026-09-01T23:57:37.961455+00:00"
"2026/ciqsa-2026_0648.json","2026-09-01T23:57:37.708659+00:00"
"2026/ciqsa-2026_0647.json","2026-09-01T23:57:37.438471+00:00"
"2026/ciqsa-2026_0646.json","2026-09-01T23:57:37.194764+00:00"
"2026/ciqsa-2026_0645.json","2026-09-01T23:57:36.942975+00:00"
"2026/ciqsa-2026_0644.json","2026-09-01T23:57:36.700455+00:00"
"2026/ciqsa-2026_0643.json","2026-09-01T23:57:36.458580+00:00"
"2026/ciqsa-2026_0639.json","2026-09-01T23:57:35.085625+00:00"
"2026/ciqsa-2026_0638.json","2026-09-01T23:57:34.972786+00:00"
"2026/ciqsa-2026_0637.json","2026-09-01T23:57:34.704828+00:00"
"2026/ciqsa-2026_0636.json","2026-09-01T23:57:34.360405+00:00"
"2026/ciqsa-2026_0635.json","2026-09-01T23:57:34.010861+00:00"
"2026/ciqsa-2026_0634.json","2026-09-01T23:57:33.623922+00:00"
"2026/ciqsa-2026_0633.json","2026-09-01T23:57:32.882746+00:00"
"2026/ciqsa-2026_0632.json","2026-09-01T23:57:32.544699+00:00"
"2026/ciqsa-2026_0631.json","2026-09-01T23:57:32.214487+00:00"
"2026/ciqsa-2026_0628.json","2026-09-01T23:57:31.213545+00:00"
"2026/ciqsa-2026_0627.json","2026-09-01T23:57:30.888865+00:00"
"2026/ciqsa-2026_0626.json","2026-09-01T23:57:30.535631+00:00"
"2026/ciqsa-2026_0625.json","2026-09-01T23:57:30.189641+00:00"
"2026/ciqsa-2026_0624.json","2026-09-01T23:57:29.884502+00:00"
"2026/ciqsa-2026_0623.json","2026-09-01T23:57:29.231089+00:00"
"2026/ciqsa-2026_0622.json","2026-09-01T23:57:28.956367+00:00"
"2026/ciqsa-2026_0621.json","2026-09-01T23:57:28.819839+00:00"
"2026/ciqsa-2026_0620.json","2026-09-01T23:57:28.576562+00:00"
"2026/ciqsa-2026_0619.json","2026-09-01T23:57:28.185434+00:00"
"2026/ciqsa-2026_0618.json","2026-09-01T23:57:27.763769+00:00"
"2026/ciqsa-2026_0617.json","2026-09-01T23:57:27.327344+00:00"
"2026/ciqsa-2026_0616.json","2026-09-01T23:57:26.919108+00:00"
"2026/ciqsa-2026_0615.json","2026-09-01T23:57:26.499573+00:00"
"2026/ciqsa-2026_0614.json","2026-09-01T23:57:26.109491+00:00"
"2026/ciqsa-2026_0613.json","2026-09-01T23:57:25.732926+00:00"
"2026/ciqsa-2026_0612.json","2026-09-01T23:57:25.359841+00:00"
"2026/ciqsa-2026_0611.json","2026-09-01T23:57:24.974412+00:00"
"2026/ciqsa-2026_0610.json","2026-09-01T23:57:24.588538+00:00"
"2026/ciqsa-2026_0609.json","2026-09-01T23:57:24.194013+00:00"
"2026/ciqsa-2026_0608.json","2026-09-01T23:57:23.778554+00:00"
"2026/ciqsa-2026_0607.json","2026-09-01T23:57:23.125860+00:00"
"2026/ciqsa-2026_0605.json","2026-09-01T23:57:22.253500+00:00"
"2026/ciqsa-2026_0604.json","2026-09-01T23:57:22.001780+00:00"
"2026/ciqsa-2026_0602.json","2026-09-01T23:57:21.613491+00:00"
"2026/ciqsa-2026_0601.json","2026-09-01T23:57:21.128962+00:00"
"2026/ciqsa-2026_0600.json","2026-09-01T23:57:20.739835+00:00"
"2026/ciqsa-2026_0599.json","2026-09-01T23:57:20.373587+00:00"
"2026/ciqsa-2026_0598.json","2026-09-01T23:57:20.028500+00:00"
"2026/ciqsa-2026_0597.json","2026-09-01T23:57:19.706333+00:00"
"2026/ciqsa-2026_0596.json","2026-09-01T23:57:19.387699+00:00"
"2026/ciqsa-2026_0595.json","2026-09-01T23:57:19.070370+00:00"
"2026/ciqsa-2026_0594.json","2026-09-01T23:57:18.723370+00:00"
"2026/ciqsa-2026_0593.json","2026-09-01T23:57:17.494089+00:00"
"2026/ciqsa-2026_0592.json","2026-09-01T23:57:15.603885+00:00"
"2026/ciqsa-2026_0591.json","2026-09-01T23:57:15.317825+00:00"
"2026/ciqsa-2026_0590.json","2026-09-01T23:57:15.111609+00:00"
"2026/ciqsa-2026_0589.json","2026-09-01T23:57:14.297049+00:00"
"2026/ciqsa-2026_0588.json","2026-09-01T23:57:13.948750+00:00"
"2026/ciqsa-2026_0587.json","2026-09-01T23:57:13.559444+00:00"
"2026/ciqsa-2026_0586.json","2026-09-01T23:57:13.217191+00:00"
"2026/ciqsa-2026_0585.json","2026-09-01T23:57:12.892557+00:00"
"2026/ciqsa-2026_0584.json","2026-09-01T23:57:12.576566+00:00"
"2026/ciqsa-2026_0582.json","2026-09-01T23:57:12.001520+00:00"
"2026/ciqsa-2026_0581.json","2026-09-01T23:57:11.672791+00:00"
"2026/ciqsa-2026_0580.json","2026-09-01T23:57:11.112754+00:00"
"2026/ciqsa-2026_0578.json","2026-09-01T23:57:10.724634+00:00"
"2026/ciqsa-2026_0577.json","2026-09-01T23:57:10.406099+00:00"
"2026/ciqsa-2026_0576.json","2026-09-01T23:57:09.946454+00:00"
"2026/ciqsa-2026_0575.json","2026-09-01T23:57:09.789131+00:00"
"2026/ciqsa-2026_0574.json","2026-09-01T23:57:09.606772+00:00"
"2026/ciqsa-2026_0572.json","2026-09-01T23:57:08.826529+00:00"
"2026/ciqsa-2026_0571.json","2026-09-01T23:57:08.631531+00:00"
"2026/ciqsa-2026_0570.json","2026-09-01T23:57:08.334359+00:00"
"2026/ciqsa-2026_0569.json","2026-09-01T23:57:07.618071+00:00"
"2026/ciqsa-2026_0568.json","2026-09-01T23:57:06.913396+00:00"
"2026/ciqsa-2026_0567.json","2026-09-01T23:57:06.197086+00:00"
"2026/ciqsa-2026_0566.json","2026-09-01T23:57:05.483559+00:00"
"2026/ciqsa-2026_0565.json","2026-09-01T23:57:04.765527+00:00"
"2026/ciqsa-2026_0564.json","2026-09-01T23:57:04.607370+00:00"
"2026/ciqsa-2026_0563.json","2026-09-01T23:57:04.462158+00:00"
"2026/ciqsa-2026_0562.json","2026-09-01T23:57:04.314562+00:00"
"2026/ciqsa-2026_0561.json","2026-09-01T23:57:04.168402+00:00"
"2026/ciqsa-2026_0560.json","2026-09-01T23:57:04.019754+00:00"
"2026/ciqsa-2026_0559.json","2026-09-01T23:57:03.870904+00:00"
"2026/ciqsa-2026_0558.json","2026-09-01T23:57:03.720429+00:00"
"2026/ciqsa-2026_0557.json","2026-09-01T23:57:03.535591+00:00"
"2026/ciqsa-2026_0556.json","2026-09-01T23:57:03.345301+00:00"
"2026/ciqsa-2026_0554.json","2026-09-01T23:57:02.635523+00:00"
"2026/ciqsa-2026_0552.json","2026-09-01T23:57:01.978897+00:00"
"2026/ciqsa-2026_0549.json","2026-09-01T23:56:59.655610+00:00"
"2026/ciqsa-2026_0548.json","2026-09-01T23:56:59.460485+00:00"
"2026/ciqsa-2026_0547.json","2026-09-01T23:56:59.291746+00:00"
"2026/ciqsa-2026_0546.json","2026-09-01T23:56:59.049765+00:00"
"2026/ciqsa-2026_0545.json","2026-09-01T23:56:58.802667+00:00"
"2026/ciqsa-2026_0544.json","2026-09-01T23:56:58.567208+00:00"
"2026/ciqsa-2026_0543.json","2026-09-01T23:56:58.326246+00:00"
"2026/ciqsa-2026_0542.json","2026-09-01T23:56:58.079662+00:00"
"2026/ciqsa-2026_0541.json","2026-09-01T23:56:57.709495+00:00"
"2026/ciqsa-2026_0540.json","2026-09-01T23:56:57.459500+00:00"
"2026/ciqsa-2026_0539.json","2026-09-01T23:56:57.294810+00:00"
"2026/ciqsa-2026_0538.json","2026-09-01T23:56:57.104086+00:00"
"2026/ciqsa-2026_0537.json","2026-09-01T23:56:56.674442+00:00"
"2026/ciqsa-2026_0535.json","2026-09-01T23:56:55.977571+00:00"
"2026/ciqsa-2026_0534.json","2026-09-01T23:56:55.778800+00:00"
"2026/ciqsa-2026_0533.json","2026-09-01T23:56:55.554030+00:00"
"2026/ciqsa-2026_0532.json","2026-09-01T23:56:55.275909+00:00"
"2026/ciqsa-2026_0531.json","2026-09-01T23:56:54.886777+00:00"
"2026/ciqsa-2026_0530.json","2026-09-01T23:56:54.505018+00:00"
"2026/ciqsa-2026_0529.json","2026-09-01T23:56:54.106364+00:00"
"2026/ciqsa-2026_0528.json","2026-09-01T23:56:53.711912+00:00"
"2026/ciqsa-2026_0527.json","2026-09-01T23:56:53.478569+00:00"
"2026/ciqsa-2026_0526.json","2026-09-01T23:56:52.801057+00:00"
"2026/ciqsa-2026_0523.json","2026-09-01T23:56:51.711442+00:00"
"2026/ciqsa-2026_0522.json","2026-09-01T23:56:46.501036+00:00"
"2026/ciqsa-2026_0521.json","2026-09-01T23:56:46.258318+00:00"
"2026/ciqsa-2026_0520.json","2026-09-01T23:56:46.109422+00:00"
"2026/ciqsa-2026_0516.json","2026-09-01T23:56:41.650612+00:00"
"2026/ciqsa-2026_0515.json","2026-09-01T23:56:39.983168+00:00"
"2026/ciqsa-2026_0513.json","2026-09-01T23:56:37.776353+00:00"
"2026/ciqsa-2026_0512.json","2026-09-01T23:56:36.912912+00:00"
"2026/ciqsa-2026_0511.json","2026-09-01T23:56:36.023640+00:00"
"2026/ciqsa-2026_0510.json","2026-09-01T23:56:35.147992+00:00"
"2026/ciqsa-2026_0509.json","2026-09-01T23:56:34.279575+00:00"
"2026/ciqsa-2026_0506.json","2026-09-01T23:56:31.530881+00:00"
"2026/ciqsa-2026_0505.json","2026-09-01T23:56:31.358012+00:00"
"2026/ciqsa-2026_0504.json","2026-09-01T23:56:31.165807+00:00"
"2026/ciqsa-2026_0503.json","2026-09-01T23:56:30.793216+00:00"
"2026/ciqsa-2026_0502.json","2026-09-01T23:56:30.589125+00:00"
"2026/ciqsa-2026_0501.json","2026-09-01T23:56:30.422520+00:00"
"2026/ciqsa-2026_0499.json","2026-09-01T23:56:30.103585+00:00"
"2026/ciqsa-2026_0498.json","2026-09-01T23:56:29.735360+00:00"
"2026/ciqsa-2026_0497.json","2026-09-01T23:56:29.595091+00:00"
"2026/ciqsa-2026_0496.json","2026-09-01T23:56:29.075390+00:00"
"2026/ciqsa-2026_0494.json","2026-09-01T23:56:28.729527+00:00"
"2026/ciqsa-2026_0493.json","2026-09-01T23:56:28.648349+00:00"
"2026/ciqsa-2026_0492.json","2026-09-01T23:56:28.259046+00:00"
"2026/ciqsa-2026_0491.json","2026-09-01T23:56:27.815871+00:00"
"2026/ciqsa-2026_0490.json","2026-09-01T23:56:27.663000+00:00"
"2026/ciqsa-2026_0488.json","2026-09-01T23:56:26.854486+00:00"
"2026/ciqsa-2026_0487.json","2026-09-01T23:56:26.589840+00:00"
"2026/ciqsa-2026_0486.json","2026-09-01T23:56:26.454240+00:00"
"2026/ciqsa-2026_0485.json","2026-09-01T23:56:26.339748+00:00"
"2026/ciqsa-2026_0484.json","2026-09-01T23:56:25.535311+00:00"
"2026/ciqsa-2026_0483.json","2026-09-01T23:56:25.467549+00:00"
"2026/ciqsa-2026_0482.json","2026-09-01T23:56:25.348141+00:00"
"2026/ciqsa-2026_0481.json","2026-09-01T23:56:25.052852+00:00"
"2026/ciqsa-2026_0480.json","2026-09-01T23:56:24.801857+00:00"
"2026/ciqsa-2026_0479.json","2026-09-01T23:56:24.637494+00:00"
"2026/ciqsa-2026_0478.json","2026-09-01T23:56:24.531876+00:00"
"2026/ciqsa-2026_0476.json","2026-09-01T23:56:23.634290+00:00"
"2026/ciqsa-2026_0475.json","2026-09-01T23:56:23.483023+00:00"
"2026/ciqsa-2026_0474.json","2026-09-01T23:56:23.317571+00:00"
"2026/ciqsa-2026_0473.json","2026-09-01T23:56:20.108201+00:00"
"2026/ciqsa-2026_0472.json","2026-09-01T23:56:19.921205+00:00"
"2026/ciqsa-2026_0470.json","2026-09-01T23:56:19.384607+00:00"
"2026/ciqsa-2026_0469.json","2026-09-01T23:56:19.010810+00:00"
"2026/ciqsa-2026_0468.json","2026-09-01T23:56:18.794009+00:00"
"2026/ciqsa-2026_0467.json","2026-09-01T23:56:18.572204+00:00"
"2026/ciqsa-2026_0464.json","2026-09-01T23:56:17.481489+00:00"
"2026/ciqsa-2026_0462.json","2026-09-01T23:56:16.851707+00:00"
"2026/ciqsa-2026_0461.json","2026-09-01T23:56:16.478690+00:00"
"2026/ciqsa-2026_0459.json","2026-09-01T23:56:15.935304+00:00"
"2026/ciqsa-2026_0457.json","2026-09-01T23:55:35.127497+00:00"
"2026/ciqsa-2026_0456.json","2026-09-01T23:55:34.956023+00:00"
"2026/ciqsa-2026_0455.json","2026-09-01T23:55:34.709799+00:00"
"2026/ciqsa-2026_0454.json","2026-09-01T23:55:34.468059+00:00"
"2026/ciqsa-2026_0453.json","2026-09-01T23:55:34.077428+00:00"
"2026/ciqsa-2026_0452.json","2026-09-01T23:55:33.829423+00:00"
"2026/ciqsa-2026_0451.json","2026-09-01T23:55:33.589550+00:00"
"2026/ciqsa-2026_0450.json","2026-09-01T23:55:33.414496+00:00"
"2026/ciqsa-2026_0449.json","2026-09-01T23:55:33.239763+00:00"
"2026/ciqsa-2026_0448.json","2026-09-01T23:55:33.086761+00:00"
"2026/ciqsa-2026_0447.json","2026-09-01T23:55:32.894904+00:00"
"2026/ciqsa-2026_0446.json","2026-09-01T23:55:32.680388+00:00"
"2026/ciqsa-2026_0445.json","2026-09-01T23:55:32.489816+00:00"
"2026/ciqsa-2026_0444.json","2026-09-01T23:55:32.155015+00:00"
"2026/ciqsa-2026_0443.json","2026-09-01T23:55:31.849701+00:00"
"2026/ciqsa-2026_0442.json","2026-09-01T23:55:30.476839+00:00"
"2026/ciqsa-2026_0441.json","2026-09-01T23:55:30.326025+00:00"
"2026/ciqsa-2026_0440.json","2026-09-01T23:55:29.199736+00:00"
"2026/ciqsa-2026_0439.json","2026-09-01T23:55:29.053103+00:00"
"2026/ciqsa-2026_0438.json","2026-09-01T23:55:28.581838+00:00"
"2026/ciqsa-2026_0436.json","2026-09-01T23:55:26.991189+00:00"
"2026/ciqsa-2026_0433.json","2026-09-01T23:55:25.252579+00:00"
"2026/ciqsa-2026_0432.json","2026-09-01T23:55:24.143198+00:00"
"2026/ciqsa-2026_0431.json","2026-09-01T23:55:23.839818+00:00"
"2026/ciqsa-2026_0428.json","2026-09-01T23:55:22.614569+00:00"
"2026/ciqsa-2026_0427.json","2026-09-01T23:55:22.405889+00:00"
"2026/ciqsa-2026_0425.json","2026-09-01T23:55:21.848765+00:00"
"2026/ciqsa-2026_0424.json","2026-09-01T23:55:21.708183+00:00"
"2026/ciqsa-2026_0423.json","2026-09-01T23:55:21.546881+00:00"
"2026/ciqsa-2026_0422.json","2026-09-01T23:55:21.210858+00:00"
"2026/ciqsa-2026_0421.json","2026-09-01T23:55:20.083153+00:00"
"2026/ciqsa-2026_0420.json","2026-09-01T23:55:19.951489+00:00"
"2026/ciqsa-2026_0418.json","2026-09-01T23:55:19.293414+00:00"
"2026/ciqsa-2026_0417.json","2026-09-01T23:55:18.920302+00:00"
"2026/ciqsa-2026_0416.json","2026-09-01T23:55:18.793459+00:00"
"2026/ciqsa-2026_0415.json","2026-09-01T23:55:18.580109+00:00"
"2026/ciqsa-2026_0414.json","2026-09-01T23:55:18.128490+00:00"
"2026/ciqsa-2026_0413.json","2026-09-01T23:55:17.956416+00:00"
"2026/ciqsa-2026_0412.json","2026-09-01T23:55:17.670608+00:00"
"2026/ciqsa-2026_0411.json","2026-09-01T23:55:17.515795+00:00"
"2026/ciqsa-2026_0410.json","2026-09-01T23:55:16.821762+00:00"
"2026/ciqsa-2026_0408.json","2026-09-01T23:55:16.332761+00:00"
"2026/ciqsa-2026_0407.json","2026-09-01T23:55:16.204647+00:00"
"2026/ciqsa-2026_0406.json","2026-09-01T23:55:16.008891+00:00"
"2026/ciqsa-2026_0405.json","2026-09-01T23:55:15.703658+00:00"
"2026/ciqsa-2026_0402.json","2026-09-01T23:55:14.871508+00:00"
"2026/ciqsa-2026_0401.json","2026-09-01T23:55:14.672533+00:00"
"2026/ciqsa-2026_0400.json","2026-09-01T23:55:14.513182+00:00"
"2026/ciqsa-2026_0399.json","2026-09-01T23:55:14.356253+00:00"
"2026/ciqsa-2026_0397.json","2026-09-01T23:55:14.123829+00:00"
"2026/ciqsa-2026_0396.json","2026-09-01T23:55:13.976890+00:00"
"2026/ciqsa-2026_0395.json","2026-09-01T23:55:13.730574+00:00"
"2026/ciqsa-2026_0392.json","2026-09-01T23:55:10.041630+00:00"
"2026/ciqsa-2026_0391.json","2026-09-01T23:55:09.163253+00:00"
"2026/ciqsa-2026_0390.json","2026-09-01T23:55:08.317846+00:00"
"2026/ciqsa-2026_0389.json","2026-09-01T23:55:07.497784+00:00"
"2026/ciqsa-2026_0387.json","2026-09-01T23:55:06.954620+00:00"
"2026/ciqsa-2026_0385.json","2026-09-01T23:55:01.918882+00:00"
"2026/ciqsa-2026_0384.json","2026-09-01T23:55:01.599874+00:00"
"2026/ciqsa-2026_0383.json","2026-09-01T23:55:01.309529+00:00"
"2026/ciqsa-2026_0381.json","2026-09-01T23:55:01.000560+00:00"
"2026/ciqsa-2026_0380.json","2026-09-01T23:55:00.744017+00:00"
"2026/ciqsa-2026_0379.json","2026-09-01T23:55:00.535846+00:00"
"2026/ciqsa-2026_0376.json","2026-09-01T23:54:07.466180+00:00"
"2026/ciqsa-2026_0375.json","2026-09-01T23:54:06.805824+00:00"
"2026/ciqsa-2026_0374.json","2026-09-01T23:54:06.662771+00:00"
"2026/ciqsa-2026_0373.json","2026-09-01T23:54:06.515798+00:00"
"2026/ciqsa-2026_0372.json","2026-09-01T23:54:06.354470+00:00"
"2026/ciqsa-2026_0371.json","2026-09-01T23:54:05.600907+00:00"
"2026/ciqsa-2026_0370.json","2026-09-01T23:54:04.861828+00:00"
"2026/ciqsa-2026_0369.json","2026-09-01T23:54:04.719143+00:00"
"2026/ciqsa-2026_0368.json","2026-09-01T23:54:04.575964+00:00"
"2026/ciqsa-2026_0367.json","2026-09-01T23:54:04.438247+00:00"
"2026/ciqsa-2026_0365.json","2026-09-01T23:54:03.933808+00:00"
"2026/ciqsa-2026_0364.json","2026-09-01T23:54:03.742333+00:00"
"2026/ciqsa-2026_0363.json","2026-09-01T23:54:03.392599+00:00"
"2026/ciqsa-2026_0362.json","2026-09-01T23:54:03.215419+00:00"
"2026/ciqsa-2026_0361.json","2026-09-01T23:54:02.904577+00:00"
"2026/ciqsa-2026_0360.json","2026-09-01T23:54:02.571831+00:00"
"2026/ciqsa-2026_0359.json","2026-09-01T23:54:02.412544+00:00"
"2026/ciqsa-2026_0358.json","2026-09-01T23:54:02.327020+00:00"
"2026/ciqsa-2026_0357.json","2026-09-01T23:54:02.159614+00:00"
"2026/ciqsa-2026_0356.json","2026-09-01T23:54:01.898799+00:00"
"2026/ciqsa-2026_0355.json","2026-09-01T23:54:01.508559+00:00"
"2026/ciqsa-2026_0354.json","2026-09-01T23:54:01.332879+00:00"
"2026/ciqsa-2026_0353.json","2026-09-01T23:54:01.116590+00:00"
"2026/ciqsa-2026_0352.json","2026-09-01T23:54:00.847926+00:00"
"2026/ciqsa-2026_0351.json","2026-09-01T23:54:00.647845+00:00"
"2026/ciqsa-2026_0350.json","2026-09-01T23:54:00.268372+00:00"
"2026/ciqsa-2026_0349.json","2026-09-01T23:53:59.570558+00:00"
"2026/ciqsa-2026_0348.json","2026-09-01T23:53:59.365796+00:00"
"2026/ciqsa-2026_0347.json","2026-09-01T23:53:59.214539+00:00"
"2026/ciqsa-2026_0346.json","2026-09-01T23:53:59.060708+00:00"
"2026/ciqsa-2026_0344.json","2026-09-01T23:53:58.742039+00:00"
"2026/ciqsa-2026_0343.json","2026-09-01T23:53:58.529541+00:00"
"2026/ciqsa-2026_0342.json","2026-09-01T23:53:57.823498+00:00"
"2026/ciqsa-2026_0341.json","2026-09-01T23:53:57.544488+00:00"
"2026/ciqsa-2026_0340.json","2026-09-01T23:53:57.217581+00:00"
"2026/ciqsa-2026_0339.json","2026-09-01T23:53:56.873208+00:00"
"2026/ciqsa-2026_0338.json","2026-09-01T23:53:56.563809+00:00"
"2026/ciqsa-2026_0337.json","2026-09-01T23:53:56.416222+00:00"
"2026/ciqsa-2026_0335.json","2026-09-01T23:53:55.352758+00:00"
"2026/ciqsa-2026_0334.json","2026-09-01T23:53:54.571535+00:00"
"2026/ciqsa-2026_0330.json","2026-09-01T23:53:52.631443+00:00"
"2026/ciqsa-2026_0329.json","2026-09-01T23:53:52.471539+00:00"
"2026/ciqsa-2026_0328.json","2026-09-01T23:53:52.269860+00:00"
"2026/ciqsa-2026_0327.json","2026-09-01T23:53:51.902436+00:00"
"2026/ciqsa-2026_0326.json","2026-09-01T23:53:51.672330+00:00"
"2026/ciqsa-2026_0325.json","2026-09-01T23:53:51.557531+00:00"
"2026/ciqsa-2026_0324.json","2026-09-01T23:53:51.472453+00:00"
"2026/ciqsa-2026_0323.json","2026-09-01T23:53:51.328489+00:00"
"2026/ciqsa-2026_0322.json","2026-09-01T23:53:51.202556+00:00"
"2026/ciqsa-2026_0321.json","2026-09-01T23:53:50.185252+00:00"
"2026/ciqsa-2026_0320.json","2026-09-01T23:53:49.899191+00:00"
"2026/ciqsa-2026_0319.json","2026-09-01T23:53:49.697841+00:00"
"2026/ciqsa-2026_0318.json","2026-09-01T23:53:49.183178+00:00"
"2026/ciqsa-2026_0317.json","2026-09-01T23:53:48.887276+00:00"
"2026/ciqsa-2026_0316.json","2026-09-01T23:53:48.767536+00:00"
"2026/ciqsa-2026_0315.json","2026-09-01T23:53:48.147306+00:00"
"2026/ciqsa-2026_0313.json","2026-09-01T23:53:47.617407+00:00"
"2026/ciqsa-2026_0311.json","2026-09-01T23:53:47.366498+00:00"
"2026/ciqsa-2026_0310.json","2026-09-01T23:53:46.999146+00:00"
"2026/ciqsa-2026_0309.json","2026-09-01T23:53:46.773348+00:00"
"2026/ciqsa-2026_0308.json","2026-09-01T23:53:46.694101+00:00"
"2026/ciqsa-2026_0307.json","2026-09-01T23:53:46.519517+00:00"
"2026/ciqsa-2026_0306.json","2026-09-01T23:53:46.110902+00:00"
"2026/ciqsa-2026_0305.json","2026-09-01T23:53:45.540547+00:00"
"2026/ciqsa-2026_0304.json","2026-09-01T23:53:45.329325+00:00"
"2026/ciqsa-2026_0303.json","2026-09-01T23:53:41.976198+00:00"
"2026/ciqsa-2026_0302.json","2026-09-01T23:53:41.850615+00:00"
"2026/ciqsa-2026_0297.json","2026-09-01T23:53:40.059608+00:00"
"2026/ciqsa-2026_0296.json","2026-09-01T23:53:39.896560+00:00"
"2026/ciqsa-2026_0294.json","2026-09-01T23:53:39.626278+00:00"
"2026/ciqsa-2026_0293.json","2026-09-01T23:53:39.455170+00:00"
"2026/ciqsa-2026_0292.json","2026-09-01T23:53:39.293393+00:00"
"2026/ciqsa-2026_0290.json","2026-09-01T23:53:38.914664+00:00"
"2026/ciqsa-2026_0289.json","2026-09-01T23:53:38.622148+00:00"
"2026/ciqsa-2026_0288.json","2026-09-01T23:53:38.198798+00:00"
"2026/ciqsa-2026_0287.json","2026-09-01T23:53:37.911164+00:00"
"2026/ciqsa-2026_0286.json","2026-09-01T23:53:37.735085+00:00"
"2026/ciqsa-2026_0285.json","2026-09-01T23:53:37.563602+00:00"
"2026/ciqsa-2026_0284.json","2026-09-01T23:53:37.393886+00:00"
"2026/ciqsa-2026_0283.json","2026-09-01T23:53:37.268933+00:00"
"2026/ciqsa-2026_0282.json","2026-09-01T23:53:37.088466+00:00"
"2026/ciqsa-2026_0281.json","2026-09-01T23:53:36.826753+00:00"
"2026/ciqsa-2026_0280.json","2026-09-01T23:53:36.646501+00:00"
"2026/ciqsa-2026_0279.json","2026-09-01T23:53:36.453517+00:00"
"2026/ciqsa-2026_0278.json","2026-09-01T23:53:36.071580+00:00"
"2026/ciqsa-2026_0277.json","2026-09-01T23:53:35.802872+00:00"
"2026/ciqsa-2026_0276.json","2026-09-01T23:53:35.618613+00:00"
"2026/ciqsa-2026_0274.json","2026-09-01T23:53:35.347570+00:00"
"2026/ciqsa-2026_0273.json","2026-09-01T23:53:35.204727+00:00"
"2026/ciqsa-2026_0272.json","2026-09-01T23:53:35.059398+00:00"
"2026/ciqsa-2026_0271.json","2026-09-01T23:53:34.827604+00:00"
"2026/ciqsa-2026_0270.json","2026-09-01T23:53:34.719891+00:00"
"2026/ciqsa-2026_0269.json","2026-09-01T23:53:34.565563+00:00"
"2026/ciqsa-2026_0268.json","2026-09-01T23:53:34.358111+00:00"
"2026/ciqsa-2026_0266.json","2026-09-01T23:53:34.017761+00:00"
"2026/ciqsa-2026_0265.json","2026-09-01T23:53:33.568012+00:00"
"2026/ciqsa-2026_0264.json","2026-09-01T23:53:33.350759+00:00"
"2026/ciqsa-2026_0263.json","2026-09-01T23:53:33.213287+00:00"
"2026/ciqsa-2026_0261.json","2026-09-01T23:53:32.881528+00:00"
"2026/ciqsa-2026_0260.json","2026-09-01T23:53:32.793203+00:00"
"2026/ciqsa-2026_0259.json","2026-09-01T23:53:32.650667+00:00"
"2026/ciqsa-2026_0257.json","2026-09-01T23:53:32.357780+00:00"
"2026/ciqsa-2026_0256.json","2026-09-01T23:53:32.229436+00:00"
"2026/ciqsa-2026_0255.json","2026-09-01T23:53:32.084604+00:00"
"2026/ciqsa-2026_0254.json","2026-09-01T23:53:31.936543+00:00"
"2026/ciqsa-2026_0253.json","2026-09-01T23:53:31.783423+00:00"
"2026/ciqsa-2026_0251.json","2026-09-01T23:53:31.236903+00:00"
"2026/ciqsa-2026_0250.json","2026-09-01T23:53:30.970561+00:00"
"2026/ciqsa-2026_0249.json","2026-09-01T23:53:30.690413+00:00"
"2026/ciqsa-2026_0248.json","2026-09-01T23:53:29.970113+00:00"
"2026/ciqsa-2026_0247.json","2026-09-01T23:53:29.410686+00:00"
"2026/ciqsa-2026_0246.json","2026-09-01T23:53:29.288265+00:00"
"2026/ciqsa-2026_0245.json","2026-09-01T23:53:29.202615+00:00"
"2026/ciqsa-2026_0244.json","2026-09-01T23:53:28.997280+00:00"
"2026/ciqsa-2026_0243.json","2026-09-01T23:53:28.825523+00:00"
"2026/ciqsa-2026_0242.json","2026-09-01T23:53:28.686845+00:00"
"2026/ciqsa-2026_0241.json","2026-09-01T23:53:28.583211+00:00"
"2026/ciqsa-2026_0240.json","2026-09-01T23:53:28.429596+00:00"
"2026/ciqsa-2026_0239.json","2026-09-01T23:53:28.332247+00:00"
"2026/ciqsa-2026_0238.json","2026-09-01T23:53:28.202800+00:00"
"2026/ciqsa-2026_0237.json","2026-09-01T23:53:28.069453+00:00"
"2026/ciqsa-2026_0236.json","2026-09-01T23:53:27.968246+00:00"
"2026/ciqsa-2026_0235.json","2026-09-01T23:53:27.809742+00:00"
"2026/ciqsa-2026_0234.json","2026-09-01T23:53:27.694337+00:00"
"2026/ciqsa-2026_0233.json","2026-09-01T23:53:27.605479+00:00"
"2026/ciqsa-2026_0232.json","2026-09-01T23:53:27.494206+00:00"
"2026/ciqsa-2026_0231.json","2026-09-01T23:53:27.344149+00:00"
"2026/ciqsa-2026_0230.json","2026-09-01T23:53:27.232524+00:00"
"2026/ciqsa-2026_0229.json","2026-09-01T23:53:27.113675+00:00"
"2026/ciqsa-2026_0228.json","2026-09-01T23:53:27.014695+00:00"
"2026/ciqsa-2026_0227.json","2026-09-01T23:53:26.895995+00:00"
"2026/ciqsa-2026_0226.json","2026-09-01T23:53:26.791815+00:00"
"2026/ciqsa-2026_0225.json","2026-09-01T23:53:25.752597+00:00"
"2026/ciqsa-2026_0224.json","2026-09-01T23:53:25.548676+00:00"
"2026/ciqsa-2026_0223.json","2026-09-01T23:53:25.470837+00:00"
"2026/ciqsa-2026_0222.json","2026-09-01T23:53:25.400791+00:00"
"2026/ciqsa-2026_0221.json","2026-09-01T23:53:25.330216+00:00"
"2026/ciqsa-2026_0220.json","2026-09-01T23:53:25.241622+00:00"
"2026/ciqsa-2026_0219.json","2026-09-01T23:53:25.129179+00:00"
"2026/ciqsa-2026_0218.json","2026-09-01T23:53:25.057066+00:00"
"2026/ciqsa-2026_0217.json","2026-09-01T23:53:24.961065+00:00"
"2026/ciqsa-2026_0216.json","2026-09-01T23:53:24.893281+00:00"
"2026/ciqsa-2026_0215.json","2026-09-01T23:53:24.826328+00:00"
"2026/ciqsa-2026_0214.json","2026-09-01T23:53:24.755545+00:00"
"2026/ciqsa-2026_0213.json","2026-09-01T23:53:24.675952+00:00"
"2026/ciqsa-2026_0212.json","2026-09-01T23:53:24.547597+00:00"
"2026/ciqsa-2026_0211.json","2026-09-01T23:53:24.450936+00:00"
"2026/ciqsa-2026_0210.json","2026-09-01T23:53:24.383342+00:00"
"2026/ciqsa-2026_0209.json","2026-09-01T23:53:24.295674+00:00"
"2026/ciqsa-2026_0208.json","2026-09-01T23:53:24.176772+00:00"
"2026/ciqsa-2026_0207.json","2026-09-01T23:53:24.099380+00:00"
"2026/ciqsa-2026_0206.json","2026-09-01T23:53:23.999830+00:00"
"2026/ciqsa-2026_0205.json","2026-09-01T23:53:23.904939+00:00"
"2026/ciqsa-2026_0204.json","2026-09-01T23:53:23.838203+00:00"
"2026/ciqsa-2026_0203.json","2026-09-01T23:53:23.764869+00:00"
"2026/ciqsa-2026_0202.json","2026-09-01T23:53:23.664904+00:00"
"2026/ciqsa-2026_0201.json","2026-09-01T23:53:23.564395+00:00"
"2026/ciqsa-2026_0200.json","2026-09-01T23:53:23.491071+00:00"
"2026/ciqsa-2026_0199.json","2026-09-01T23:53:23.389747+00:00"
"2026/ciqsa-2026_0198.json","2026-09-01T23:53:23.319808+00:00"
"2026/ciqsa-2026_0197.json","2026-09-01T23:53:23.233864+00:00"
"2026/ciqsa-2026_0196.json","2026-09-01T23:53:23.019575+00:00"
"2026/ciqsa-2026_0195.json","2026-09-01T23:53:22.934805+00:00"
"2026/ciqsa-2026_0194.json","2026-09-01T23:53:22.864196+00:00"
"2026/ciqsa-2026_0193.json","2026-09-01T23:53:22.792713+00:00"
"2026/ciqsa-2026_0192.json","2026-09-01T23:53:22.703416+00:00"
"2026/ciqsa-2026_0191.json","2026-09-01T23:53:22.632500+00:00"
"2026/ciqsa-2026_0190.json","2026-09-01T23:53:22.564394+00:00"
"2026/ciqsa-2026_0189.json","2026-09-01T23:53:22.476528+00:00"
"2026/ciqsa-2026_0188.json","2026-09-01T23:53:22.364383+00:00"
"2026/ciqsa-2026_0187.json","2026-09-01T23:53:22.295880+00:00"
"2026/ciqsa-2026_0186.json","2026-09-01T23:53:22.223779+00:00"
"2026/ciqsa-2026_0185.json","2026-09-01T23:53:22.127136+00:00"
"2026/ciqsa-2026_0184.json","2026-09-01T23:53:22.056998+00:00"
"2026/ciqsa-2026_0183.json","2026-09-01T23:53:21.987374+00:00"
"2026/ciqsa-2026_0182.json","2026-09-01T23:53:21.915452+00:00"
"2026/ciqsa-2026_0181.json","2026-09-01T23:53:21.847750+00:00"
"2026/ciqsa-2026_0180.json","2026-09-01T23:53:21.778489+00:00"
"2026/ciqsa-2026_0179.json","2026-09-01T23:53:21.708372+00:00"
"2026/ciqsa-2026_0178.json","2026-09-01T23:53:21.627514+00:00"
"2026/ciqsa-2026_0177.json","2026-09-01T23:53:21.465580+00:00"
"2026/ciqsa-2026_0176.json","2026-09-01T23:53:21.397760+00:00"
"2026/ciqsa-2026_0175.json","2026-09-01T23:53:21.305553+00:00"
"2026/ciqsa-2026_0174.json","2026-09-01T23:53:21.181198+00:00"
"2026/ciqsa-2026_0173.json","2026-09-01T23:53:21.103213+00:00"
"2026/ciqsa-2026_0172.json","2026-09-01T23:53:21.031969+00:00"
"2026/ciqsa-2026_0171.json","2026-09-01T23:53:20.949587+00:00"
"2026/ciqsa-2026_0170.json","2026-09-01T23:53:20.851548+00:00"
"2026/ciqsa-2026_0169.json","2026-09-01T23:53:20.781490+00:00"
"2026/ciqsa-2026_0168.json","2026-09-01T23:53:20.714249+00:00"
"2026/ciqsa-2026_0167.json","2026-09-01T23:53:20.644780+00:00"
"2026/ciqsa-2026_0166.json","2026-09-01T23:53:20.578024+00:00"
"2026/ciqsa-2026_0165.json","2026-09-01T23:53:20.505651+00:00"
"2026/ciqsa-2026_0164.json","2026-09-01T23:53:20.428430+00:00"
"2026/ciqsa-2026_0163.json","2026-09-01T23:53:20.357515+00:00"
"2026/ciqsa-2026_0162.json","2026-09-01T23:53:20.261253+00:00"
"2026/ciqsa-2026_0161.json","2026-09-01T23:53:20.164659+00:00"
"2026/ciqsa-2026_0160.json","2026-09-01T23:53:20.083907+00:00"
"2026/ciqsa-2026_0159.json","2026-09-01T23:53:19.913606+00:00"
"2026/ciqsa-2026_0158.json","2026-09-01T23:53:19.768850+00:00"
"2026/ciqsa-2026_0157.json","2026-09-01T23:53:19.697678+00:00"
"2026/ciqsa-2026_0156.json","2026-09-01T23:53:19.620007+00:00"
"2026/ciqsa-2026_0155.json","2026-09-01T23:53:19.535634+00:00"
"2026/ciqsa-2026_0154.json","2026-09-01T23:53:19.329395+00:00"
"2026/ciqsa-2026_0153.json","2026-09-01T23:53:19.165283+00:00"
"2026/ciqsa-2026_0152.json","2026-09-01T23:53:18.989434+00:00"
"2026/ciqsa-2026_0151.json","2026-09-01T23:53:18.703470+00:00"
"2026/ciqsa-2026_0150.json","2026-09-01T23:53:18.549492+00:00"
"2026/ciqsa-2026_0149.json","2026-09-01T23:53:18.054887+00:00"
"2026/ciqsa-2026_0148.json","2026-09-01T23:53:17.533189+00:00"
"2026/ciqsa-2026_0147.json","2026-09-01T23:53:17.403528+00:00"
"2026/ciqsa-2026_0146.json","2026-09-01T23:53:16.954447+00:00"
"2026/ciqsa-2026_0145.json","2026-09-01T23:53:16.667611+00:00"
"2026/ciqsa-2026_0144.json","2026-09-01T23:53:16.553862+00:00"
"2026/ciqsa-2026_0143.json","2026-09-01T23:53:16.264281+00:00"
"2026/ciqsa-2026_0142.json","2026-09-01T23:53:16.069411+00:00"
"2026/ciqsa-2026_0141.json","2026-09-01T23:53:15.869506+00:00"
"2026/ciqsa-2026_0140.json","2026-09-01T23:53:15.673308+00:00"
"2026/ciqsa-2026_0139.json","2026-09-01T23:53:15.534962+00:00"
"2026/ciqsa-2026_0138.json","2026-09-01T23:53:15.369633+00:00"
"2026/ciqsa-2026_0137.json","2026-09-01T23:53:14.409661+00:00"
"2026/ciqsa-2026_0136.json","2026-09-01T23:53:14.289198+00:00"
"2026/ciqsa-2026_0135.json","2026-09-01T23:53:14.128956+00:00"
"2026/ciqsa-2026_0134.json","2026-09-01T23:53:13.985043+00:00"
"2026/ciqsa-2026_0133.json","2026-09-01T23:53:13.787102+00:00"
"2026/ciqsa-2026_0132.json","2026-09-01T23:53:10.586333+00:00"
"2026/ciqsa-2026_0131.json","2026-09-01T23:53:10.424705+00:00"
"2026/ciqsa-2026_0130.json","2026-09-01T23:53:10.292021+00:00"
"2026/ciqsa-2026_0129.json","2026-09-01T23:53:10.066782+00:00"
"2026/ciqsa-2026_0128.json","2026-09-01T23:53:09.823621+00:00"
"2026/ciqsa-2026_0126.json","2026-09-01T23:53:09.300902+00:00"
"2026/ciqsa-2026_0125.json","2026-09-01T23:53:08.848217+00:00"
"2026/ciqsa-2026_0124.json","2026-09-01T23:53:08.627521+00:00"
"2026/ciqsa-2026_0123.json","2026-09-01T23:53:08.320833+00:00"
"2026/ciqsa-2026_0122.json","2026-09-01T23:53:08.139702+00:00"
"2026/ciqsa-2026_0121.json","2026-09-01T23:53:07.984294+00:00"
"2026/ciqsa-2026_0120.json","2026-09-01T23:53:07.563224+00:00"
"2026/ciqsa-2026_0119.json","2026-09-01T23:53:07.151478+00:00"
"2026/ciqsa-2026_0117.json","2026-09-01T23:53:06.540202+00:00"
"2026/ciqsa-2026_0116.json","2026-09-01T23:53:06.325448+00:00"
"2026/ciqsa-2026_0115.json","2026-09-01T23:53:06.221857+00:00"
"2026/ciqsa-2026_0114.json","2026-09-01T23:53:05.862778+00:00"
"2026/ciqsa-2026_0113.json","2026-09-01T23:53:05.156456+00:00"
"2026/ciqsa-2026_0110.json","2026-09-01T23:53:04.395511+00:00"
"2026/ciqsa-2026_0109.json","2026-09-01T23:53:04.282636+00:00"
"2026/ciqsa-2026_0108.json","2026-09-01T23:53:04.176701+00:00"
"2026/ciqsa-2026_0106.json","2026-09-01T23:52:56.107506+00:00"
"2026/ciqsa-2026_0105.json","2026-09-01T23:52:55.895691+00:00"
"2026/ciqsa-2026_0103.json","2026-09-01T23:52:54.970644+00:00"
"2026/ciqsa-2026_0102.json","2026-09-01T23:52:54.741885+00:00"
"2026/ciqsa-2026_0101.json","2026-09-01T23:52:54.576389+00:00"
"2026/ciqsa-2026_0100.json","2026-09-01T23:52:54.341871+00:00"
"2026/ciqsa-2026_0099.json","2026-09-01T23:52:54.101604+00:00"
"2026/ciqsa-2026_0098.json","2026-09-01T23:52:53.872245+00:00"
"2026/ciqsa-2026_0097.json","2026-09-01T23:52:53.616537+00:00"
"2026/ciqsa-2026_0096.json","2026-09-01T23:52:53.452212+00:00"
"2026/ciqsa-2026_0095.json","2026-09-01T23:52:53.282707+00:00"
"2026/ciqsa-2026_0093.json","2026-09-01T23:52:51.945537+00:00"
"2026/ciqsa-2026_0092.json","2026-09-01T23:52:51.598762+00:00"
"2026/ciqsa-2026_0091.json","2026-09-01T23:52:51.461374+00:00"
"2026/ciqsa-2026_0090.json","2026-09-01T23:52:51.229449+00:00"
"2026/ciqsa-2026_0089.json","2026-09-01T23:52:51.060210+00:00"
"2026/ciqsa-2026_0088.json","2026-09-01T23:52:50.851084+00:00"
"2026/ciqsa-2026_0087.json","2026-09-01T23:52:50.699671+00:00"
"2026/ciqsa-2026_0086.json","2026-09-01T23:52:50.499549+00:00"
"2026/ciqsa-2026_0085.json","2026-09-01T23:52:50.320462+00:00"
"2026/ciqsa-2026_0084.json","2026-09-01T23:52:50.173087+00:00"
"2026/ciqsa-2026_0083.json","2026-09-01T23:52:50.022372+00:00"
"2026/ciqsa-2026_0082.json","2026-09-01T23:52:49.661346+00:00"
"2026/ciqsa-2026_0081.json","2026-09-01T23:52:49.470469+00:00"
"2026/ciqsa-2026_0080.json","2026-09-01T23:52:49.254507+00:00"
"2026/ciqsa-2026_0079.json","2026-09-01T23:52:49.080354+00:00"
"2026/ciqsa-2026_0078.json","2026-09-01T23:52:48.711871+00:00"
"2026/ciqsa-2026_0077.json","2026-09-01T23:52:48.495427+00:00"
"2026/ciqsa-2026_0076.json","2026-09-01T23:52:48.258526+00:00"
"2026/ciqsa-2026_0075.json","2026-09-01T23:52:46.944671+00:00"
"2026/ciqsa-2026_0073.json","2026-09-01T23:52:46.294091+00:00"
"2026/ciqsa-2026_0072.json","2026-09-01T23:52:46.148653+00:00"
"2026/ciqsa-2026_0071.json","2026-09-01T23:52:45.949433+00:00"
"2026/ciqsa-2026_0070.json","2026-09-01T23:52:45.145027+00:00"
"2026/ciqsa-2026_0069.json","2026-09-01T23:52:44.994951+00:00"
"2026/ciqsa-2026_0068.json","2026-09-01T23:52:44.771439+00:00"
"2026/ciqsa-2026_0067.json","2026-09-01T23:52:44.505537+00:00"
"2026/ciqsa-2026_0066.json","2026-09-01T23:52:44.105502+00:00"
"2026/ciqsa-2026_0064.json","2026-09-01T23:52:43.084845+00:00"
"2026/ciqsa-2026_0062.json","2026-09-01T23:52:41.586844+00:00"
"2026/ciqsa-2026_0061.json","2026-09-01T23:52:41.284130+00:00"
"2026/ciqsa-2026_0060.json","2026-09-01T23:52:41.063891+00:00"
"2026/ciqsa-2026_0059.json","2026-09-01T23:52:40.751358+00:00"
"2026/ciqsa-2026_0058.json","2026-09-01T23:52:40.558947+00:00"
"2026/ciqsa-2026_0057.json","2026-09-01T23:52:40.377207+00:00"
"2026/ciqsa-2026_0056.json","2026-09-01T23:52:40.263911+00:00"
"2026/ciqsa-2026_0055.json","2026-09-01T23:52:40.052501+00:00"
"2026/ciqsa-2026_0054.json","2026-09-01T23:52:39.733985+00:00"
"2026/ciqsa-2026_0053.json","2026-09-01T23:52:39.412387+00:00"
"2026/ciqsa-2026_0052.json","2026-09-01T23:52:39.110526+00:00"
"2026/ciqsa-2026_0051.json","2026-09-01T23:52:38.910000+00:00"
"2026/ciqsa-2026_0050.json","2026-09-01T23:52:38.625723+00:00"
"2026/ciqsa-2026_0049.json","2026-09-01T23:52:38.505665+00:00"
"2026/ciqsa-2026_0048.json","2026-09-01T23:52:38.353864+00:00"
"2026/ciqsa-2026_0047.json","2026-09-01T23:52:38.216796+00:00"
"2026/ciqsa-2026_0046.json","2026-09-01T23:52:38.058528+00:00"
"2026/ciqsa-2026_0045.json","2026-09-01T23:52:37.902209+00:00"
"2026/ciqsa-2026_0044.json","2026-09-01T23:52:37.724490+00:00"
"2026/ciqsa-2026_0043.json","2026-09-01T23:52:37.265511+00:00"
"2026/ciqsa-2026_0042.json","2026-09-01T23:52:37.120219+00:00"
"2026/ciqsa-2026_0041.json","2026-09-01T23:52:35.994593+00:00"
"2026/ciqsa-2026_0040.json","2026-09-01T23:52:35.832863+00:00"
"2026/ciqsa-2026_0039.json","2026-09-01T23:52:35.320441+00:00"
"2026/ciqsa-2026_0037.json","2026-09-01T23:52:34.839930+00:00"
"2026/ciqsa-2026_0036.json","2026-09-01T23:52:34.678447+00:00"
"2026/ciqsa-2026_0034.json","2026-09-01T23:52:34.216921+00:00"
"2026/ciqsa-2026_0033.json","2026-09-01T23:52:34.025032+00:00"
"2026/ciqsa-2026_0031.json","2026-09-01T23:52:33.368804+00:00"
"2026/ciqsa-2026_0030.json","2026-09-01T23:52:32.981155+00:00"
"2026/ciqsa-2026_0029.json","2026-09-01T23:52:32.668514+00:00"
"2026/ciqsa-2026_0027.json","2026-09-01T23:52:32.067659+00:00"
"2026/ciqsa-2026_0026.json","2026-09-01T23:52:31.409762+00:00"
"2026/ciqsa-2026_0025.json","2026-09-01T23:52:31.260485+00:00"
"2026/ciqsa-2026_0024.json","2026-09-01T23:52:31.014455+00:00"
"2026/ciqsa-2026_0023.json","2026-09-01T23:52:30.927243+00:00"
"2026/ciqsa-2026_0022.json","2026-09-01T23:52:30.815509+00:00"
"2026/ciqsa-2026_0021.json","2026-09-01T23:52:30.667122+00:00"
"2026/ciqsa-2026_0020.json","2026-09-01T23:52:30.336843+00:00"
"2026/ciqsa-2026_0019.json","2026-09-01T23:52:25.020363+00:00"
"2026/ciqsa-2026_0018.json","2026-09-01T23:52:24.938386+00:00"
"2026/ciqsa-2026_0017.json","2026-09-01T23:52:24.838317+00:00"
"2026/ciqsa-2026_0016.json","2026-09-01T23:52:24.621551+00:00"
"2026/ciqsa-2026_0015.json","2026-09-01T23:52:24.459572+00:00"
"2026/ciqsa-2026_0014.json","2026-09-01T23:52:24.363551+00:00"
"2026/ciqsa-2026_0013.json","2026-09-01T23:52:24.189808+00:00"
"2026/ciqsa-2026_0012.json","2026-09-01T23:52:24.051526+00:00"
"2026/ciqsa-2026_0011.json","2026-09-01T23:52:23.781754+00:00"
"2026/ciqsa-2026_0010.json","2026-09-01T23:52:23.178357+00:00"
"2026/ciqsa-2026_0009.json","2026-09-01T23:52:22.546442+00:00"
"2026/ciqsa-2026_0008.json","2026-09-01T23:52:21.985840+00:00"
"2026/ciqsa-2026_0004.json","2026-09-01T23:52:19.922657+00:00"
"2026/ciqsa-2026_0003.json","2026-09-01T23:52:19.741145+00:00"
"2026/ciqsa-2026_0002.json","2026-09-01T23:52:19.507536+00:00"
"2026/ciqsa-2026_0001.json","2026-09-01T23:52:18.602003+00:00"
